ID,normalized_bc
762,0.28997178
760,0.11751836
1388,0.05844326
76,0.14500985
751,0.43431215
749,0.14801660
2520,0.03336202
748,0.58275558
2198,0.13241932
924,0.11719108
741,0.21034087
2,0.21211181
2239,0.08181287
739,0.03720801
737,0.18323461
736,0.17543073
3567,0.16691181
735,0.19962127
733,0.24960128
3113,0.16616372
723,0.12532157
722,0.20522888
721,0.10038791
754,0.15365173
72,0.13537043
2622,0.38384320
2503,0.09209049
719,0.28326766
1460,0.12069727
714,0.24460295
3531,0.10872736
2081,0.35926464
761,0.04317460
3115,0.14445461
1726,0.14804188
895,0.36020996
710,0.14691521
3520,0.22063841
707,0.11818670
705,0.04474539
728,0.07590972
703,0.12751462
3285,0.10919023
700,0.15845830
2462,0.26774948
7,0.08076971
1582,0.48421164
699,0.00642508
697,0.41127969
694,0.18209468
2802,0.01508175
693,0.40703845
3790,0.18795220
3204,0.10969990
687,0.42403550
685,0.21534063
684,0.30622647
3071,0.06777254
683,0.28411961
678,0.06604931
676,0.16339355
672,0.06107835
3031,0.23445547
668,0.18390052
667,0.01932608
663,0.13234874
66,0.48362848
659,0.40072317
657,0.14068543
654,0.05182997
653,0.31348398
402,0.12285174
2884,0.27580815
652,0.07340660
1323,0.14883532
648,0.07713717
2824,0.07182937
1504,0.03721475
640,0.37173367
1272,0.05992938
64,0.31955290
1127,0.04800680
442,0.18831407
638,0.53404843
635,0.37129358
1720,0.17250347
633,0.03858717
631,0.59005794
627,0.05579298
494,0.10204968
62,0.00597123
618,0.47861365
617,0.12656909
1792,0.12283821
967,0.42483615
615,0.19557271
886,0.12601045
614,0.33009151
603,0.40702172
60,0.35547491
3134,0.04077838
598,0.26463832
3950,0.02833571
596,0.17320698
586,0.08319542
2820,0.06018497
585,0.08250291
65,0.42740395
582,0.42692612
581,0.05582313
58,0.21781783
573,0.53232635
570,0.19417459
3009,0.09805969
567,0.25580160
745,0.17246549
68,0.21153860
563,0.34674360
3106,0.08665235
560,0.12040947
2227,0.15295788
56,0.02256762
559,0.04509349
144,0.13642154
555,0.07803492
3880,0.21679869
554,0.28128531
551,0.06714555
55,0.18867861
3136,0.16586551
2972,0.13426716
547,0.40736043
747,0.01734412
608,0.36585185
540,0.25354080
3452,0.17734706
539,0.18727061
533,0.17518987
666,0.13958347
1151,0.44166854
527,0.20635414
3856,0.34380306
525,0.16089897
3639,0.19751604
522,0.14301454
520,0.32366657
518,0.09363916
1441,0.41358089
516,0.21533991
727,0.41272661
3345,0.05926047
3693,0.07245911
511,0.17479268
609,0.09725356
510,0.22772602
51,0.36705473
509,0.01843749
3647,0.06756277
2941,0.31844289
3579,0.34627028
503,0.25865106
3404,0.11640497
1133,0.14621135
180,0.06082827
1856,0.33743489
500,0.38430635
50,0.05881733
3833,0.06189591
493,0.19519671
242,0.22041762
492,0.22989829
3427,0.14347438
2472,0.13111399
489,0.09424997
3594,0.10810959
802,0.15674082
484,0.26150797
2987,0.53432828
483,0.16620531
48,0.18182815
3454,0.18812995
616,0.20032366
3227,0.00000000
476,0.10453229
2975,0.01001705
474,0.05533376
2541,0.28409137
470,0.20852018
468,0.07355296
495,0.58882622
466,0.30080006
464,0.10121668
462,0.14228114
229,0.16147594
459,0.20599339
3666,0.08127450
458,0.17266835
1848,0.03687180
457,0.13569653
658,0.21234337
456,0.06758767
3074,0.23048866
619,0.10796447
3003,0.26068611
453,0.42983665
451,0.07089912
1375,0.15111009
45,0.00000000
449,0.37552502
2826,0.17465181
448,0.28603035
447,0.10036352
445,0.36323882
441,0.12202219
44,0.08990459
644,0.03726183
1804,0.14930854
431,0.00000000
430,0.06116563
1326,0.10668894
422,0.34027447
419,0.58733139
418,0.06565878
1179,0.16830240
1861,0.27380528
1915,0.10108689
416,0.28091749
414,0.12844470
412,0.36916597
411,0.17417434
410,0.14508481
2452,0.44800219
407,0.29685726
406,0.20080845
3491,0.52340807
2869,0.09384059
198,0.33984135
599,0.16397047
405,0.18057757
404,0.22533412
401,0.13110569
2519,0.06557861
40,0.13975450
4,0.23974843
3999,0.08562357
1948,0.36965245
3997,0.21217459
3994,0.36169690
3045,0.13954903
1599,0.32221961
3990,0.16249130
399,0.28567349
3902,0.07756540
3989,0.14503170
3988,0.35251473
3254,0.21771651
3987,0.10967279
146,0.06457378
1382,0.05877146
3986,0.22000554
3984,0.14770096
1558,0.26303861
2297,0.08421211
1148,0.13074761
2156,0.20017144
629,0.12870814
2412,0.06451191
1265,0.29219809
1197,0.11543704
1146,0.13740937
424,0.14976012
163,0.15719861
3432,0.17099636
2373,0.29607884
3369,0.09345404
2272,0.06428022
2997,0.06789347
3343,0.07384610
1243,0.02746488
118,0.12783023
3539,0.09310505
161,0.10340640
3704,0.06964498
1135,0.07263361
113,0.32366714
2393,0.14270288
1162,0.09449819
2250,0.19086267
3827,0.13287504
1122,0.12891770
3306,0.14430182
1551,0.15394581
1384,0.09821792
2591,0.17096315
204,0.16227574
1392,0.50664708
1238,0.13702120
217,0.25094542
3124,0.06678359
881,0.44783821
1973,0.29659379
2919,0.38164628
1155,0.03461301
3897,0.13673868
1119,0.22486370
2001,0.00628610
827,0.07575924
1760,0.09489826
1818,0.05996471
2847,0.38428787
3674,0.11554429
3826,0.15520799
230,0.03229323
166,0.57296038
1237,0.03459180
1180,0.09962252
1786,0.19456192
2964,0.35550244
3210,0.20220090
713,0.20968138
1275,0.12511197
1071,0.21723562
1113,0.13014653
1755,0.35131213
3715,0.04736547
3287,0.03654925
168,0.20351732
1069,0.22226012
726,0.02276204
1987,0.06413906
1320,0.18004927
465,0.24807562
1208,0.18837902
1986,0.34982127
1112,0.01850357
243,0.00826978
1136,0.18615003
1803,0.11324341
2149,0.07896045
1570,0.47018886
1916,0.17561606
2561,0.20260891
2200,0.36852073
120,0.18755788
228,0.14799467
477,0.18473456
2450,0.25339203
1229,0.18921112
1019,0.19167051
588,0.15449433
1733,0.19884518
1299,0.25406220
2876,0.27858417
1397,0.12246147
2148,0.38216776
473,0.27253425
2089,0.23969209
138,0.04855072
1227,0.12051299
316,0.22177754
915,0.11848734
3212,0.20205665
577,0.24193362
1196,0.14303218
417,0.06840824
1103,0.15063542
991,0.10275303
110,0.20237401
3324,0.15558597
3416,0.07237220
111,0.23571107
1264,0.46618841
1712,0.17667531
817,0.22572319
1591,0.14279452
2634,0.33268542
2576,0.34099944
1064,0.10968653
3109,0.42384543
1503,0.28773917
3760,0.12332591
2375,0.15451110
2456,0.27160702
3936,0.59889529
2933,0.09748865
1006,0.06339216
3323,0.07955408
116,0.06040870
2726,0.08391883
1336,0.26822263
2892,0.08421424
1111,0.13840656
1106,0.13017168
174,0.22382517
2068,0.24451416
1474,0.28315683
1431,0.28899198
1924,0.05846158
2653,0.08392370
1843,0.43926017
2276,0.13191656
1363,0.22412132
2325,0.50551643
1851,0.18696297
3385,0.42255453
1294,0.25664385
276,0.03357712
3481,0.32984556
1016,0.19913099
2470,0.22572490
1043,0.09971046
1514,0.21392425
1385,0.10711673
1300,0.24486558
829,0.26050193
333,0.00589357
1116,0.23949460
1231,0.23914286
2103,0.20459117
261,0.08106145
2550,0.09234439
381,0.15393004
2161,0.18389954
1034,0.06229412
3205,0.04807375
1546,0.08531744
789,0.09536225
1381,0.03816924
1298,0.21826488
1217,0.35225461
1126,0.46916132
3346,0.24097501
1082,0.17199455
776,0.39114656
1696,0.16776024
1824,0.53404695
1707,0.29697853
2091,0.00777546
1032,0.11309140
2259,0.14807208
156,0.12026244
2736,0.03564628
1284,0.06449798
1828,0.14738221
3341,0.24851768
1281,0.16675200
1572,0.18093407
1577,0.42865921
2014,0.44709304
1018,0.20578971
308,0.14698938
1100,0.19825732
1093,0.15913606
57,0.06303859
128,0.45835602
52,0.10306162
2607,0.09551423
1084,0.21072866
2060,0.10345073
579,0.11634714
478,0.06562503
1174,0.05971317
91,0.07590760
1925,0.11278289
3772,0.01887331
241,0.13052381
3096,0.33387200
1321,0.36062108
2371,0.16092710
799,0.10298120
3415,0.23824432
595,0.35998367
3863,0.11180075
3628,0.07467719
1816,0.04646996
1280,0.09796177
2906,0.08043179
2334,0.10148243
574,0.09499893
1195,0.09664508
3858,0.24151505
1181,0.19732618
2029,0.12133089
182,0.07766490
986,0.18834541
11,0.10717543
1778,0.19830658
1517,0.07191857
469,0.25742598
1985,0.26879128
1073,0.20237853
1665,0.00853466
3207,0.09494782
568,0.48673217
386,0.08944639
3476,0.06253846
3049,0.18952126
2389,0.05826143
3487,0.19482003
1310,0.26834245
367,0.15899280
2453,0.23383720
2338,0.13999864
3398,0.17723825
127,0.14213351
1568,0.08090278
1095,0.18181550
3714,0.10375800
2290,0.44672129
909,0.09148376
246,0.25425711
38,0.00883394
1550,0.03446090
43,0.08879244
2296,0.05879634
1057,0.37736798
1662,0.26712930
387,0.33582255
2508,0.27873415
3145,0.46059932
2415,0.09333284
724,0.25428741
1386,0.18885686
1961,0.20935065
2540,0.30350384
1403,0.06109580
637,0.27244470
3206,0.17754680
1009,0.30038664
935,0.11945594
1657,0.19647468
956,0.29843346
2257,0.47561136
3610,0.03228112
1143,0.16862040
964,0.01058963
1607,0.13855646
3737,0.11246760
1839,0.01759630
155,0.02860639
807,0.10560129
2372,0.17245444
1563,0.29212713
3580,0.33332146
1171,0.22804279
1518,0.28650780
759,0.04861239
1053,0.00405999
2553,0.05886092
1396,0.27446433
236,0.34595565
104,0.19561506
2056,0.23578223
3694,0.10535430
1443,0.03412413
1156,0.12224079
905,0.06737066
1957,0.18125459
1648,0.14360889
1795,0.04320451
1124,0.25543252
12,0.12519881
1015,0.16575277
1256,0.23809417
3037,0.29711368
1618,0.15719825
1157,0.02889718
1461,0.33898588
1682,0.35531044
133,0.35180899
2673,0.00599983
1027,0.42666848
1669,0.36905576
2119,0.24273959
755,0.13106647
1055,0.32737067
2480,0.13910170
335,0.17666322
1033,0.26332793
828,0.11109589
1522,0.02640457
797,0.19289097
2387,0.03938146
1134,0.06388464
2401,0.18536178
3362,0.24156289
1114,0.08404179
3082,0.23542020
1879,0.13191989
1379,0.13934765
1061,0.05144867
2912,0.14812396
1888,0.26484734
732,0.14515550
454,0.30123398
125,0.19183214
1528,0.44138616
1149,0.14912823
1263,0.29936560
1874,0.07178645
1374,0.04167903
3841,0.10918327
3337,0.26226375
1270,0.48571183
1120,0.32043903
2787,0.17302169
2063,0.12038075
1117,0.16992642
1023,0.07728466
1689,0.04492901
1066,0.22297664
1765,0.26266366
1067,0.07382680
1041,0.16221751
639,0.10859022
709,0.16427512
2749,0.01906977
1580,0.07433713
1062,0.21322236
695,0.35528848
3273,0.22227627
1131,0.18813152
1199,0.12118264
3928,0.24756873
1037,0.13127474
1892,0.09164516
1286,0.03656595
3690,0.30842726
1076,0.39434539
2071,0.22582077
3396,0.13269613
2384,0.21018092
2455,0.21734510
1072,0.26469182
1588,0.46328518
2789,0.26493540
2146,0.39568251
3940,0.14690500
3941,0.24691540
3844,0.01786838
1038,0.32759545
2392,0.25290201
1077,0.15777988
427,0.36077949
2460,0.08949193
2518,0.31267997
2021,0.07619287
1641,0.31746708
115,0.13734802
1085,0.03819137
1435,0.00000000
1204,0.12807201
293,0.21324710
2875,0.28136470
1049,0.02828532
3814,0.24732761
3226,0.11905435
2309,0.12049078
1081,0.28346742
1698,0.03915987
3025,0.15620625
1482,0.18878490
1175,0.26168634
222,0.25430133
1183,0.16296463
3351,0.17394455
1633,0.21869446
1185,0.07285537
2284,0.07932370
2033,0.09365601
1098,0.24592613
2721,0.04426802
1187,0.16125718
1190,0.44818844
3618,0.45698015
14,0.24774411
1734,0.00713834
2961,0.00647709
3005,0.04251396
1598,0.10469455
486,0.12941867
1415,0.44985213
912,0.23598257
1242,0.08265870
3422,0.27593135
1475,0.15316353
3598,0.17522313
2850,0.24871851
2137,0.25585084
1706,0.24133430
2292,0.15147808
934,0.06174821
1010,0.19472468
3397,0.20129127
1137,0.01952173
854,0.27719253
426,0.06390424
3318,0.28938986
1222,0.00796821
2739,0.11442624
472,0.05198472
1761,0.33949761
1596,0.15258212
1209,0.04505099
337,0.03153273
1210,0.18492861
1316,0.27263785
791,0.24747426
2572,0.24031286
1213,0.22812689
2643,0.29855039
1214,0.01784064
1035,0.11928882
1220,0.29575239
1068,0.07407359
787,0.16762613
1226,0.31357561
775,0.47787824
2983,0.02365281
2224,0.16059572
675,0.15484143
2191,0.35665367
16,0.25609872
1186,0.09124446
2134,0.26051069
10,0.33320852
1693,0.15371136
1153,0.45952886
2543,0.51503590
2107,0.05604153
1225,0.23738932
939,0.11286324
3219,0.17484991
467,0.12497478
2795,0.03154102
3395,0.13616255
3091,0.16663209
1223,0.09124002
1471,0.03585090
1234,0.06940836
1045,0.24248917
3333,0.20118800
1373,0.41714191
1235,0.13181120
544,0.55784186
1236,0.24230133
2078,0.35850892
1205,0.12074318
3751,0.16066650
1239,0.02252932
1246,0.17830064
805,0.03269726
2242,0.04054809
1685,0.32427984
132,0.04072336
135,0.00519203
690,0.10508625
17,0.02311533
2489,0.19101007
1575,0.29638408
18,0.28459164
2114,0.23403317
1559,0.37365442
3244,0.51511503
1764,0.12873565
3050,0.26805979
2070,0.22549059
3596,0.18777419
1290,0.13454493
2304,0.22198775
192,0.07962446
3298,0.07931450
1411,0.23688947
590,0.08700215
1606,0.23454967
106,0.08281630
1165,0.11392674
3161,0.04306365
3771,0.11092656
1253,0.06767277
1455,0.17540282
1871,0.12247250
1562,0.16502327
1257,0.44648391
126,0.09808570
1705,0.13807189
167,0.11206671
1221,0.36944845
29,0.13105939
3648,0.66582027
440,0.25243006
1493,0.02011825
3595,0.62211163
1044,0.27758624
1893,0.12149198
1115,0.03994505
181,0.12288728
2748,0.38075635
763,0.12946227
1278,0.00967608
2819,0.64849580
267,0.14281565
2547,0.09882604
3386,0.15853304
420,0.10290406
1807,0.46042237
3360,0.00694993
227,0.19386249
1468,0.14607177
1700,0.27834418
1293,0.09318924
1030,0.44390983
2945,0.16516988
798,0.13445751
1328,0.03377849
3896,0.09129094
1417,0.43756763
3532,0.23620922
1430,0.44116967
3545,0.24997980
108,0.09097897
1080,0.11596931
1771,0.07100097
1956,0.26515974
1283,0.66782455
1039,0.12839804
1777,0.19677075
3274,0.26618561
968,0.09842634
1710,0.06813239
2645,0.07639445
3217,0.14977203
1521,0.15641497
53,0.33824743
1459,0.10679471
632,0.22567274
1605,0.18725006
2992,0.27759974
13,0.47178849
3423,0.49218551
200,0.40179007
1289,0.16571888
1296,0.05618305
251,0.25029339
530,0.37899822
2354,0.11359158
1002,0.56995401
1305,0.09088293
1172,0.09833540
543,0.23901984
1193,0.09569720
332,0.07228178
1309,0.19337577
3083,0.32931410
1725,0.04799250
212,0.11978241
1744,0.07071489
2727,0.15766231
2676,0.03492755
2501,0.11757718
1004,0.28533464
1746,0.10462776
22,0.09336719
1875,0.45410955
2026,0.41490171
2555,0.20256658
576,0.16395226
996,0.14118160
1324,0.26346024
3887,0.19491416
3800,0.18909507
1352,0.26853209
1332,0.17646516
649,0.14633085
1535,0.09028246
263,0.17959114
2012,0.27368445
3158,0.11621952
2168,0.07615289
2439,0.35144018
3275,0.02263184
2376,0.15363403
1776,0.31741922
319,0.23990161
2172,0.30882217
20,0.05885153
804,0.14977772
3646,0.20784363
140,0.22675512
134,0.17575008
2621,0.13927391
1008,0.16263754
3439,0.19022445
1502,0.22397375
960,0.33765455
1345,0.23060805
3480,0.04953866
1346,0.40325394
2135,0.22062876
3006,0.20856939
2857,0.11407111
821,0.20919471
1428,0.03798591
2477,0.01514570
1361,0.20380964
1880,0.25033933
151,0.06606214
2196,0.05284459
253,0.17615318
1404,0.49377534
3114,0.16559485
3944,0.14167004
1729,0.15550600
3654,0.10130893
904,0.13312599
2034,0.41675574
3697,0.04221651
1342,0.11203376
1102,0.08705501
1230,0.11696923
2507,0.01757374
1317,0.02003424
285,0.17419831
121,0.54380006
2057,0.87553092
1416,0.05891240
2077,0.12413451
2618,0.03570154
1359,0.24453164
2399,0.21674901
3313,0.11474605
3443,0.05247566
535,0.25761339
1194,0.10894293
2116,0.22054967
2678,0.18266606
1142,0.28251997
2016,0.21663408
916,0.10194666
656,0.07825840
2491,0.56820988
1003,0.21066814
2255,0.51484934
2482,0.21465871
3225,0.09706223
651,0.14804499
1233,0.21840591
891,0.07413164
1745,0.26737451
3708,0.08588855
3099,0.15106865
1747,0.31445381
3721,0.15185585
207,0.43046494
1933,0.42152895
1748,0.18613903
740,0.09853063
2065,0.29034922
1291,0.13187488
1752,0.16663145
3464,0.11928559
1178,0.16865044
626,0.17092693
2939,0.07588138
1754,0.20022062
550,0.06801039
1890,0.14661870
1508,0.18546284
2996,0.36984978
2215,0.16667084
1262,0.03002182
1407,0.23496136
158,0.00475720
1766,0.34257508
1883,0.10570732
1768,0.30094004
2447,0.29894681
177,0.10484197
1311,0.09370699
1158,0.16961207
863,0.03140825
2009,0.22800991
1775,0.13955639
2680,0.29010788
1615,0.08660086
2013,0.48250750
2333,0.13116475
2478,0.27452054
3727,0.32992244
1780,0.28706402
3923,0.37176163
1917,0.09210608
2216,0.04847387
1610,0.16834457
1539,0.30938044
2890,0.10797193
1,0.17215073
2955,0.11452872
1850,0.19523998
944,0.11263572
1783,0.10460016
1784,0.21154739
1891,0.06137791
1989,0.31103747
3378,0.14905811
2266,0.04716961
1790,0.08716518
1793,0.07380581
42,0.01920298
1796,0.42305644
2901,0.13754604
872,0.05815042
2602,0.17515773
1797,0.13979802
2231,0.14435794
1642,0.17548785
3838,0.03229499
1750,0.22088022
3540,0.13998190
147,0.38140165
2395,0.24955921
1800,0.13055390
1189,0.13480990
3726,0.07073698
1560,0.03950968
2132,0.13277142
2176,0.27554803
2307,0.06239168
1806,0.20199713
1141,0.05676513
1339,0.22576110
978,0.11395727
2218,0.30870568
2219,0.17618032
1557,0.20774704
136,0.19637667
2214,0.37051306
531,0.22005513
2240,0.04037670
1496,0.13708944
2321,0.31569744
844,0.23508067
2225,0.02038560
3868,0.08683172
3831,0.14283444
233,0.21173759
848,0.12801422
2236,0.41196593
2340,0.16737873
2254,0.20749864
320,0.01537685
2639,0.16385050
865,0.39913209
1273,0.22892539
2527,0.32440817
1965,0.06849553
1387,0.15692930
2352,0.23225162
3410,0.15089661
178,0.06799472
3087,0.46067230
2391,0.16639193
2183,0.17616291
505,0.29787788
237,0.16222129
3276,0.20110644
3643,0.08919064
1001,0.15945057
2308,0.48944746
3388,0.25861671
2560,0.35477438
1154,0.14690371
1578,0.07482416
3445,0.27742953
461,0.08946584
914,0.07639070
2190,0.31578509
1952,0.06597189
3614,0.21837489
1047,0.27776149
743,0.09818968
444,0.09906018
225,0.25869659
2271,0.09007591
1901,0.05565929
878,0.29798326
2488,0.08196310
1400,0.03979793
349,0.04377835
1853,0.24070548
84,0.38628877
2278,0.49685857
2286,0.32183716
1434,0.21996831
790,0.13335448
240,0.36875934
1224,0.11955582
3018,0.08755256
2129,0.14115460
1910,0.06435151
179,0.21934483
2246,0.19390970
3402,0.14009308
1056,0.04557368
2282,0.11993028
3348,0.18359874
1398,0.04219635
955,0.25143925
339,0.13068063
2306,0.13806509
1139,0.15437104
1177,0.14093329
15,0.36242671
3263,0.10257967
1350,0.24473444
2311,0.22831986
2549,0.10282450
1036,0.28898564
2310,0.08249790
46,0.03127116
3993,0.19642634
2345,0.41915177
1101,0.26952530
2380,0.16647246
101,0.20743306
847,0.10106811
279,0.33224014
2319,0.30748781
1975,0.35442879
2404,0.25609525
975,0.17718379
2322,0.12900245
2316,0.20568364
2258,0.26119692
82,0.04756401
3320,0.16855868
2429,0.27938571
2279,0.02868213
2139,0.12002837
137,0.16342035
3425,0.12647343
2729,0.07369942
3120,0.05939917
2335,0.23071119
1758,0.22554851
2336,0.22655573
3252,0.43490354
2011,0.03498443
3619,0.01515754
2528,0.42435179
1245,0.54697186
1849,0.04018646
2222,0.12529750
2337,0.08169012
1065,0.04912614
2267,0.28473667
1059,0.13088652
940,0.05215152
186,0.27944043
1144,0.05068686
2446,0.05164405
994,0.17677752
2274,0.15074345
2344,0.32968707
3028,0.11136837
3508,0.30367542
2349,0.00591799
1964,0.11392490
1954,0.25312957
2502,0.12691861
362,0.08961983
2346,0.07273061
2405,0.15390777
2458,0.16396581
2268,0.09583982
583,0.13256033
1820,0.01550363
1486,0.09391652
2398,0.10475884
2318,0.17098710
3038,0.08450446
2650,0.00407549
1841,0.31927780
2636,0.22712485
2559,0.27565975
504,0.11503594
2202,0.08817291
1212,0.29137362
3501,0.05688405
2000,0.01686622
1835,0.34520685
2167,0.51245112
2357,0.29509842
3750,0.27412379
1545,0.18554066
1500,0.11438299
2486,0.26428307
80,0.09798282
79,0.44115696
2136,0.28710113
289,0.19622906
2611,0.25021544
1118,0.17094748
2852,0.35889698
3757,0.18694161
21,0.42506657
2378,0.18504532
917,0.09610677
1945,0.22967435
1922,0.06225517
96,0.04065026
1259,0.10010395
696,0.06716454
3256,0.24159321
1810,0.09512332
1355,0.53802645
3542,0.13199888
2379,0.13110654
238,0.35995753
3740,0.18457840
2382,0.44464786
2092,0.14815160
2385,0.03749560
753,0.39355541
273,0.23143248
3922,0.12278799
2386,0.03346972
880,0.23068839
425,0.10009326
2899,0.20853063
2353,0.09406724
499,0.17129906
1094,0.08141404
2433,0.21936924
2229,0.17508300
1288,0.16739333
2040,0.38345099
1260,0.11314366
239,0.24361792
2230,0.17069431
1667,0.24553559
1980,0.14282780
3241,0.08344091
2288,0.33801885
1096,0.06825537
2390,0.11125078
2173,0.20385620
3589,0.07710899
2752,0.22648331
436,0.12327614
664,0.00835238
25,0.08503191
2483,0.18964915
929,0.10542012
2394,0.34888063
879,0.06548806
655,0.41249894
3414,0.12891704
2544,0.15658739
2649,0.11005497
2403,0.05765337
1909,0.09748930
2199,0.32705349
2760,0.09400053
1968,0.23033635
2331,0.28186087
3682,0.19432067
3932,0.12481793
208,0.14510977
2206,0.23860546
3568,0.20638376
89,0.08854198
2416,0.58529075
2420,0.47567408
3288,0.09084613
1611,0.20055568
2425,0.14909101
344,0.20157913
2359,0.36353311
355,0.21637269
1942,0.06360642
852,0.19044590
1996,0.42053929
958,0.06797135
2426,0.06812568
159,0.35733899
3399,0.13474239
28,0.27467184
3479,0.04346881
3291,0.09232964
1150,0.06549461
981,0.25973146
1490,0.48440647
1306,0.16986949
220,0.08717833
294,0.06219029
2430,0.26290451
2126,0.13506360
2567,0.38247366
2431,0.18117422
1089,0.01487249
959,0.03684633
1313,0.19408203
2293,0.05442880
1302,0.03260217
2423,0.07032154
772,0.28885541
2141,0.39805418
2440,0.24960279
3559,0.11247636
396,0.01931321
2445,0.14588284
2474,0.08531630
2226,0.03891020
463,0.35904163
1128,0.19969708
1276,0.09713728
2396,0.21623243
98,0.31843777
2989,0.14221720
902,0.52690960
2531,0.06155053
838,0.18322312
3802,0.13412033
2468,0.04072590
2079,0.15626630
2442,0.17724839
2121,0.33157515
892,0.27865678
922,0.04683941
3196,0.12898666
2374,0.14593476
839,0.03979141
2562,0.01531011
851,0.09830077
931,0.14293316
3497,0.05275744
2377,0.05605795
2244,0.13855583
2179,0.36466722
2329,0.01045819
1334,0.07677568
855,0.22236204
2115,0.24471575
1959,0.15428065
274,0.07387775
1889,0.03890434
587,0.06174449
1946,0.09750628
945,0.08589622
1962,0.04416217
2313,0.26542456
612,0.07012741
974,0.11339487
2775,0.07930052
71,0.19296374
2275,0.03823577
323,0.13190858
1939,0.00860614
3786,0.70224621
3123,0.23215878
2432,0.21274525
1108,0.26910680
3039,0.00523403
860,0.10782213
1498,0.10458229
2598,0.20849514
861,0.11391681
3468,0.16873038
870,0.13962218
1200,0.24528959
2515,0.11147872
2637,0.25230770
2381,0.19719214
3819,0.13875923
1998,0.15422199
3355,0.00682760
875,0.25773125
1842,0.27491896
1344,0.15686932
1357,0.28501852
1927,0.19147449
3164,0.01505431
786,0.00576655
3957,0.31601931
887,0.11739486
3430,0.46370874
867,0.23436953
702,0.16037076
2166,0.21590111
3340,0.17304965
1012,0.03090357
3459,0.05591787
1852,0.09628338
717,0.09195760
894,0.15801404
2209,0.18626669
2853,0.29730774
3894,0.47808236
2454,0.13258593
784,0.21289605
997,0.03828934
1445,0.10894248
898,0.03033291
1485,0.30519785
1167,0.16502461
794,0.12812209
903,0.05620471
2038,0.19213033
2409,0.06340216
765,0.14294368
2539,0.21636232
610,0.53025388
2281,0.09929833
2413,0.00970022
2165,0.16428543
2441,0.26651438
334,0.28819678
234,0.02459921
99,0.35045892
1307,0.00495009
2366,0.10846167
866,0.22126613
3930,0.12401040
1277,0.30016340
3644,0.21708163
2066,0.11301987
1723,0.09816234
3625,0.26268906
1348,0.09366616
1929,0.21697451
2327,0.13751931
1914,0.28719944
2642,0.15416694
2407,0.25697045
913,0.11009446
954,0.04455577
1464,0.24438071
1990,0.29060251
859,0.26503522
2951,0.40539152
957,0.12315131
3433,0.01844090
841,0.17420106
823,0.25890065
963,0.32113734
815,0.00369773
1943,0.09711501
756,0.03459067
2612,0.17529454
1691,0.24669731
248,0.14062587
231,0.15966004
2339,0.10009497
1090,0.06103537
832,0.28251363
980,0.18561665
3637,0.31675856
1448,0.42303048
2513,0.11335863
1949,0.27274078
1244,0.33797122
1666,0.28843948
998,0.16072969
1556,0.33892490
2241,0.42808245
1981,0.20698107
2821,0.07639941
232,0.37905044
824,0.02917923
2080,0.25495211
1191,0.26743816
3342,0.34052485
2538,0.13619211
2763,0.12632443
1911,0.10389092
3492,0.12780894
971,0.07773263
984,0.37465622
845,0.08808871
862,0.05145503
3135,0.21865884
3180,0.06163101
2332,0.18356295
2605,0.23668598
927,0.23466607
826,0.19865729
3914,0.30074985
2849,0.64782865
187,0.17180084
3238,0.08548982
3563,0.21226971
1292,0.06300752
977,0.03012342
3192,0.01713285
2530,0.14804634
1048,0.29014748
3934,0.19037425
2174,0.09689020
1763,0.17240780
97,0.04461835
1620,0.12635791
1540,0.23213095
1690,0.14620982
3349,0.13821672
210,0.18680591
921,0.26085868
3998,0.27332714
1507,0.08063622
985,0.03531839
3835,0.00720254
2536,0.22257762
961,0.19336191
408,0.12518270
1107,0.41211215
871,0.14672240
2424,0.14868300
1895,0.15054281
247,0.41790444
2158,0.05147469
925,0.13315893
392,0.19323800
3312,0.22526695
2437,0.15176751
811,0.38114831
2485,0.19265069
2253,0.19697178
2360,0.22515438
491,0.17109524
2194,0.04454618
3798,0.35696867
3716,0.20050493
2558,0.19092024
93,0.05543663
943,0.05915956
1353,0.31013844
1812,0.05972333
874,0.18701600
3959,0.42612614
1878,0.17517992
810,0.06704306
2347,0.10094606
1078,0.25477080
2894,0.11759536
2097,0.29283658
2124,0.17041244
2005,0.00828948
81,0.16855751
2052,0.08686129
1206,0.04464869
1978,0.26613246
1583,0.32748432
2036,0.09424785
2414,0.28617157
74,0.21099581
1601,0.10630808
1928,0.13560224
3289,0.08027664
938,0.18361713
2924,0.07849580
1063,0.11008321
1926,0.12948153
439,0.18345958
2269,0.18969642
2465,0.15620036
2582,0.31751273
1040,0.21111708
517,0.20579312
1884,0.37081554
2208,0.03950731
157,0.13653825
835,0.08965416
1218,0.06615688
26,0.01479269
932,0.11827051
858,0.44018218
2032,0.03428681
1857,0.15278879
1207,0.04096928
780,0.16869626
78,0.00896985
2053,0.33341521
2326,0.19272269
2315,0.06136329
3518,0.10483139
919,0.36537489
2007,0.30316391
1600,0.21594845
2185,0.04397975
1145,0.17809386
9,0.01862642
24,0.08064879
930,0.10108105
836,0.03834029
2280,0.26978369
1159,0.11030317
152,0.37638755
2235,0.19638409
725,0.32227684
918,0.39208842
1347,0.00441584
2019,0.15729828
1251,0.26231703
825,0.15573431
2784,0.30907999
1809,0.13822668
1912,0.04149134
1147,0.18332985
2659,0.28793452
1897,0.43152043
2500,0.13508018
2471,0.32130244
884,0.24989738
3866,0.08398195
3570,0.06061178
2039,0.32709527
966,0.36755627
90,0.05373550
86,0.15519061
822,0.23422260
906,0.35155305
1906,0.04418352
3900,0.12602299
3673,0.20829808
3300,0.24193180
2283,0.63163890
2511,0.11931601
1830,0.47053404
3029,0.05082354
820,0.19364948
2604,0.00000000
899,0.21538190
1983,0.11528107
819,0.09741351
1930,0.15930022
1549,0.08447229
818,0.10698016
2285,0.19986694
3315,0.28066479
2545,0.29171833
2463,0.33503726
2613,0.17186649
2261,0.16653796
816,0.09460727
948,0.20464006
744,0.08801686
809,0.10534077
1970,0.06535309
2968,0.06768311
1481,0.13209027
908,0.06608495
1972,0.27341406
782,0.05827193
808,0.40762963
1088,0.44905625
2741,0.19384373
2535,0.18609725
2533,0.20581398
1991,0.00911677
3277,0.23962369
173,0.07438756
1413,0.44583231
2048,0.13857016
3691,0.15338737
379,0.16192292
199,0.21829926
2289,0.00678359
2348,0.30619737
806,0.14277755
868,0.12154446
1882,0.19650325
2164,0.05748029
1495,0.14491292
2343,0.17128147
1125,0.24154991
2428,0.41271673
2552,0.10735551
3175,0.54833947
1389,0.14711576
1921,1.00000000
795,0.16957399
2295,0.26806410
1773,0.34953260
95,0.35952433
2181,0.07047658
3081,0.26219732
3223,0.32722088
969,0.39544869
2364,0.23898732
1017,0.09110405
3140,0.06375108
221,0.21070656
793,0.00900610
2073,0.47562664
2603,0.13178093
869,0.17695417
2481,0.11530709
3407,0.05389254
2182,0.41156343
910,0.18270818
2563,0.31276603
2786,0.41648366
803,0.56962073
2133,0.23489924
2546,0.08212190
2400,0.16096594
3170,0.03299479
130,0.10242638
680,0.12405009
942,0.45759915
2522,0.02284987
846,0.29006365
2532,0.61184276
119,0.20394693
1051,0.25056190
2548,0.14810911
1547,0.14014065
1426,0.05882211
947,0.15128471
849,0.10739182
1202,0.20220687
3717,0.10305115
1759,0.47244685
2512,0.24896774
1453,0.29005746
19,0.24938179
3143,0.20554834
2142,0.08367672
3811,0.05404948
1908,0.16572951
3949,0.29265096
2529,0.13563020
773,0.07469838
3735,0.16534713
2759,0.20296182
650,0.15756603
1169,0.04960175
2356,0.23836764
2305,0.21798102
324,0.22189514
712,0.16591717
209,0.09144577
1000,0.31311311
3676,0.27565789
3329,0.24425982
1297,0.16759797
2514,0.18214301
3107,0.14833071
1791,0.21094649
2521,0.28446803
857,0.13295089
546,0.07933892
2028,0.17605702
2273,0.17895479
437,0.00815674
2794,0.37245396
2210,0.14719128
2469,0.40293086
1074,0.26551841
235,0.20125605
92,0.24886342
769,0.28586222
2130,0.06140324
3825,0.18637818
2492,0.25272012
1282,0.29382686
937,0.17708603
3174,0.26547536
2418,0.14912568
2247,0.15249749
2448,0.29851500
843,0.09073930
196,0.21725831
2263,0.07486745
3253,0.04515277
32,0.13532884
1315,0.26802661
876,0.03991270
801,0.31797045
5,0.17926623
2095,0.09851164
962,0.18358019
3237,0.09356316
2406,0.09765971
2041,0.17901694
508,0.16092140
1836,0.00716603
3000,0.46639600
2205,0.15523514
2204,0.18658215
889,0.17255006
2197,0.21136783
2369,0.35130369
2504,0.16248728
1785,0.02884104
2058,0.06177995
218,0.13273384
313,0.07745891
2175,0.77742465
1960,0.05734785
2171,0.32257486
1593,0.40683555
2163,0.10168176
1684,0.13461138
3885,0.12377928
1343,0.26031727
2569,0.20207514
2341,0.09085033
2131,0.06511067
184,0.14213343
864,0.27611776
2742,0.17543923
897,0.07518231
628,0.10035142
2112,0.14551927
1497,0.10831909
1876,0.03514219
3339,0.19897945
873,0.15608195
1739,0.80943633
2298,0.08347027
1399,0.10165226
211,0.26918753
2109,0.28637746
2102,0.62410302
830,0.25135622
1732,0.06986775
1160,0.06797398
796,0.13202000
2328,0.04676413
785,0.20172342
1671,0.09705029
2302,0.17270200
831,0.18470467
834,0.19005732
2120,0.18249348
2086,0.24003178
1971,0.10988066
2085,0.04807220
1787,0.19229953
2145,0.25163880
2367,0.02667256
1855,0.11623886
691,0.16964646
1756,0.27538115
1349,0.21523435
2064,0.08033334
556,0.16259803
2123,0.27178810
2074,0.03790264
176,0.61675340
2072,0.16521438
1741,0.03929564
1203,0.01725220
4000,0.10543332
972,0.22727186
1894,0.33531112
2793,0.28102415
850,0.10902169
2421,0.16889169
2018,0.15246989
3317,0.62789577
3992,0.18165867
1845,0.09668737
2496,0.40252782
2067,0.16734882
2473,0.15905840
2438,0.02857981
2111,0.00000000
2195,0.15846544
306,0.06447314
189,0.24281929
3813,0.09484372
3116,0.18374152
716,0.09943223
205,0.01387526
2061,0.41155475
2098,0.21238848
3925,0.36707457
206,0.08994049
2323,0.18517922
949,0.10650413
2055,0.06513588
3778,0.14336822
1466,0.06793029
1211,0.14593109
3720,0.14461249
2479,0.20932040
2212,0.00426322
123,0.15827674
1904,0.23258933
3753,0.10588253
1877,0.41590333
1092,0.15731093
2459,0.23444458
2049,0.10742638
1240,0.20294554
1424,0.15391767
3154,0.01933723
175,0.11829379
2557,0.14867308
2043,0.17137565
990,0.81396028
2083,0.24609694
2301,0.23899388
800,0.15670278
1798,0.05015769
953,0.11546209
883,0.10142487
3901,0.18035810
2031,0.20990402
1356,0.04547841
2677,0.09782971
2220,0.17131081
1941,0.44799949
2467,0.28293910
2024,0.24482549
2464,0.06148513
1519,0.22925934
2251,0.03896675
2023,0.09414389
202,0.05780255
920,0.14646924
2010,0.04410232
669,0.01745991
2075,0.01041293
987,0.41951606
2986,0.23680184
2003,0.19667995
2138,0.33691787
2002,0.08698658
432,0.24680709
2203,0.09866889
421,0.14119037
2505,0.27847940
2526,0.43404184
1992,0.10184212
1025,0.28628821
351,0.24390766
1844,0.14603657
946,0.09286650
2825,0.33164688
674,0.07058278
197,0.14790825
3485,0.16500521
1838,0.01262790
2534,0.07192077
2900,0.08262755
1982,0.22826891
2277,0.33307677
88,0.16038135
2402,0.28231598
388,0.19611429
1488,0.05800855
1241,0.14823918
770,0.33990565
2746,0.15811134
1995,0.11390317
2314,0.27820345
2443,0.05832796
2444,0.10090583
3883,0.29393263
1979,0.08504203
1436,0.03527645
94,0.27708645
214,0.09060970
1279,0.32375182
2159,0.08544753
2872,0.04339006
2320,0.13402311
1966,0.15402832
647,0.13056808
2610,0.36364353
1958,0.23295897
1937,0.08798135
3437,0.35923425
788,0.12682015
1918,0.02328369
1955,0.05652118
201,0.47679226
1499,0.15065283
1086,0.17617425
1254,0.11775035
1757,0.10289487
1951,0.05393180
1532,0.13041545
1337,0.44118210
2262,0.48301300
2287,0.25216811
1831,0.24188729
195,0.18912288
730,0.12723735
1947,0.22462386
1863,0.04746795
1870,0.26669540
2351,0.00540376
2099,0.40718671
2050,0.06853446
842,0.08461644
3495,0.06391221
3752,0.01418652
3899,0.06418492
194,0.08243373
1936,0.07956257
893,0.32106020
278,0.05322189
1847,0.34370726
191,0.15702390
1907,0.07576371
2737,0.07397114
3731,0.07186506
952,0.13410960
280,0.47110201
3319,0.11857346
1899,0.12735046
1826,0.07617991
1452,0.13030092
2300,0.01703521
1886,0.42496360
1881,0.23322862
188,0.06358548
2362,0.21341717
1873,0.41194746
3044,0.30360294
190,0.73347793
1808,0.24102707
1865,0.10243773
2812,0.09099684
2004,0.13185252
3199,0.15334944
3138,0.47692728
646,0.13178172
1864,0.09530974
2363,0.27096678
1862,0.39590631
1075,0.05531931
1255,0.09124809
3791,0.24463322
528,0.09957863
1900,0.12515333
1859,0.08875290
321,0.21456379
1858,0.09612332
1854,0.48656519
1645,0.49104090
2554,0.09205257
2957,0.11911448
774,0.47815569
3543,0.22381653
983,0.24514552
1287,0.25267582
1931,0.42979025
1920,0.12291336
1840,0.10325356
1597,0.06067139
970,0.20805452
1589,0.27410196
2410,0.26917718
1827,0.27072534
1822,0.26543152
2537,0.16564559
1821,0.10770741
2051,0.19125962
2461,0.26166697
1708,0.12669203
1695,0.06451008
3741,0.23620454
833,0.12409876
2451,0.11321001
23,0.11335657
203,0.06237962
1042,0.20776115
1110,0.24448745
1999,0.09574625
3963,0.35883530
1215,0.19326581
1654,0.47710918
2177,0.20666307
1829,0.25449578
1163,0.10144519
1438,0.05996833
757,0.33204302
768,0.04433799
1005,0.16184002
2711,0.07337505
3551,0.31967777
1614,0.13003925
2494,0.17427124
1536,0.05421527
1446,0.21740148
2807,0.03148026
2330,0.28014293
1091,0.38338045
216,0.38493339
1703,0.17582262
2151,0.44793540
1421,0.24241978
1609,0.10685868
1594,0.07040907
2237,0.19785398
2008,0.05642488
3133,0.05396117
162,0.24748031
3272,0.07015097
100,0.21088376
2709,0.07280227
1173,0.20505397
213,0.10523755
1579,0.26604023
2125,0.20921896
3326,0.15062862
141,0.12317636
1478,0.03002703
542,0.15529833
2150,0.05299000
124,0.06294680
3533,0.14585658
514,0.22390823
475,0.15970544
1576,0.28893264
1432,0.31399286
2476,0.22401590
3148,0.32988125
487,0.05686785
1366,0.17412263
1367,0.40420400
1327,0.09743016
2419,0.14086342
1368,0.28263310
2862,0.62816972
2499,0.36262114
1370,0.21779746
3845,0.05535799
1533,0.05004093
1371,0.00728754
1261,0.18882369
689,0.08872751
1372,0.22752510
1622,0.27809542
1722,0.18480044
1268,0.12413514
2143,0.09789190
1376,0.24217617
2694,0.13054440
2435,0.19439091
2370,0.52747977
1688,0.27915161
1377,0.11384106
1869,0.25363253
1837,0.35100409
3129,0.39533218
1569,0.43939482
27,0.04392875
2883,0.33935897
1526,0.05481107
529,0.18375052
2193,0.32771272
433,0.18025059
1390,0.28057222
3918,0.08299933
600,0.07909092
814,0.59490246
1391,0.08111947
1393,0.21534320
1052,0.03201048
2232,0.03199878
3995,0.12022537
2030,0.09815364
1923,0.17518380
1524,0.08959247
1378,0.01683295
2466,0.18140166
1394,0.11070000
613,0.30284601
2510,0.05303834
2100,0.09315695
2644,0.36805147
1319,0.11606984
1395,0.21809535
2228,0.00000000
1465,0.18813405
1623,0.54696363
2590,0.20995589
109,0.12769257
1561,0.49548105
1401,0.18687061
1603,0.36751002
2299,0.51990793
1405,0.32249891
3448,0.05306164
54,0.18197614
117,0.20496294
2201,0.29019678
1070,0.41042534
1304,0.03104811
1409,0.17997868
1520,0.26291220
1676,0.02240476
1410,0.40839399
2221,0.06019082
2160,0.25496372
698,0.20237589
1412,0.33745541
1736,0.29009873
3836,0.17831077
3232,0.04191047
1788,0.08844281
1418,0.10048091
260,0.15503557
3874,0.11999112
1419,0.20439266
1161,0.05144570
142,0.27568599
390,0.15660795
2096,0.34558704
558,0.24418020
1422,0.09050900
1423,0.34726418
2487,0.09694555
900,0.11491727
1425,0.08751949
2342,0.19192154
2187,0.09335781
1825,0.10391712
1060,0.15457167
1997,0.14643815
1022,0.04292244
1659,0.11347598
2317,0.16233339
537,0.01984214
1429,0.28817574
1433,0.55698103
1555,0.10546159
1477,0.43421410
2408,0.13338069
2525,0.18219216
536,0.22327599
2184,0.20426497
1440,0.16667717
1442,0.36466097
1492,0.20613429
1444,0.25685446
853,0.03437097
2189,0.15781317
3709,0.25806094
1447,0.34058848
1653,0.03739127
1449,0.28445964
2815,0.20981560
3736,0.40632509
988,0.19085158
1833,0.19743129
131,0.07415809
226,0.06416381
1554,0.36184819
3408,0.09626300
1450,0.11966925
2564,0.07551131
1454,0.08841664
1456,0.21595841
438,0.01649862
1737,0.05734390
250,0.08734478
3403,0.03580969
3734,0.20577655
1325,0.14288185
1301,0.09754559
1553,0.35717445
2950,0.15096512
3483,0.18001107
1513,0.19088662
1462,0.07462931
593,0.35346957
2249,0.04238235
1483,0.25742711
1463,0.52883458
1887,0.10003230
1467,0.07887488
742,0.18279057
1677,0.48696556
3130,0.20177157
602,0.32602241
1014,0.62458487
1470,0.19921172
1472,0.11334249
3777,0.14869688
1469,0.24359555
1026,0.12108248
1176,0.25316947
1647,0.04081461
1619,0.35057701
1473,0.23963584
1476,0.25561992
1479,0.17881274
1595,0.12901587
3376,0.08612470
2312,0.28963576
1054,0.47907834
2782,0.21245599
3597,0.31150370
1046,0.06016581
2427,0.26030633
1674,0.07017703
1484,0.01358501
1362,0.21674623
1974,0.42113207
2252,0.36973446
1489,0.18509345
3105,0.06661687
783,0.02153107
1494,0.19594406
149,0.50015569
2147,0.36366279
1673,0.04262115
3249,0.16396744
1308,0.24247564
578,0.12533692
150,0.26247122
3441,0.41665516
3634,0.44630076
2516,0.07431001
352,0.07977690
77,0.16244528
1501,0.15402711
2223,0.27461577
1439,0.24405054
3266,0.37255557
3243,0.06498615
1505,0.28930156
679,0.01652595
1717,0.25432428
2943,0.02268525
129,0.26872576
1437,0.11498938
1509,0.50052720
1625,0.06981873
1592,0.02421396
1650,0.04788385
1762,0.36231033
1511,0.01480284
1512,0.43823706
3147,0.31601347
3584,0.05202713
3435,0.12479096
1516,0.42428167
1649,0.43756399
2974,0.24447797
552,0.28338638
3759,0.06819636
455,0.02645527
1523,0.39015806
1525,0.45930510
69,0.17761057
3812,0.16426136
1529,0.45225505
2619,0.16520245
2110,0.03370123
153,0.19489606
1531,0.44404102
382,0.24054256
1530,0.23529079
1680,0.21111583
2108,0.31439369
1711,0.21016779
49,0.09539651
1811,0.14785466
1534,0.01375878
1537,0.24096636
571,0.06258147
2361,0.16646452
3803,0.16099755
2927,0.44732871
2436,0.03994105
485,0.25088726
1799,0.21182052
1538,0.12604889
1751,0.10254539
1541,0.19285558
1544,0.11343301
1584,0.08068740
1020,0.12457889
1383,0.12190357
630,0.06431411
1007,0.21933861
3282,0.11466925
1631,0.19218043
1704,0.10245637
452,0.19551039
1919,0.04680895
1896,0.12876792
1266,0.06264358
1188,0.21228250
114,0.21812095
3278,0.19273673
3569,0.49449761
1586,0.16019408
3486,0.06969848
3424,0.28070291
2771,0.31046890
2355,0.22052922
1097,0.23188121
1566,0.10875693
1252,0.16566456
3053,0.14885586
1567,0.03512428
3560,0.11419495
1767,0.22051044
758,0.32159483
1192,0.05563754
3788,0.34244728
2105,0.10802136
1351,0.04416182
1314,0.34115395
2162,0.10346602
3193,0.40076738
364,0.04756781
2493,0.15964627
1013,0.02685111
1655,0.04013783
1585,0.12217546
1515,0.22047029
3763,0.42862425
1632,0.29663135
1130,0.12442787
2045,0.04369694
2046,0.00959231
245,0.05861863
1542,0.09989136
1248,0.08442486
3981,0.19667627
1590,0.32150984
1271,0.03799035
2866,0.14731079
380,0.07453412
1140,0.29801066
107,0.16466677
1164,0.18822313
1506,0.24160120
3849,0.08302124
1581,0.17628814
83,0.50308201
2633,0.13334249
3977,0.18852937
2597,0.05065207
2984,0.24000319
1742,0.32507447
2587,0.20202519
2180,0.22400957
777,0.36750028
1458,0.14593274
322,0.25211040
738,0.32149301
292,0.03413527
1604,0.07953346
1608,0.04803096
1675,0.35449979
3882,0.08585686
1678,0.15259763
345,0.06867771
1329,0.06557773
2117,0.13262839
2652,0.16217456
2836,0.26399084
1613,0.50740177
3070,0.04222460
3421,0.63897754
1616,0.15562534
711,0.18609179
1617,0.17493596
1312,0.61510782
2037,0.32101620
2615,0.36724212
1170,0.15226849
1977,0.07635293
1944,0.04367626
1626,0.37355432
1769,0.08024662
2054,0.04406050
193,0.53533326
1629,0.16781104
1636,0.07450072
1801,0.21422142
2397,0.08923818
1637,0.21058841
3235,0.56660939
3067,0.17363221
2542,0.23031771
1638,0.27866475
288,0.19935472
2490,0.25314638
2169,0.21679529
1249,0.09845721
541,0.15357557
1660,0.04614359
1573,0.11278465
164,0.23943948
2422,0.15471973
1643,0.22778467
1380,0.14484123
2855,0.18759095
3155,0.17805554
813,0.16158993
1656,0.09363895
3564,0.22391399
3828,0.03484464
122,0.15122605
1652,0.16017657
1318,0.23008071
3964,0.09061203
3470,0.17483060
3541,0.04644888
2192,0.13537653
3713,0.15720488
3663,0.26112816
1658,0.09734503
729,0.13965535
1713,0.04952982
1132,0.12586892
3065,0.13641761
3073,0.07311283
3176,0.20709448
1805,0.00515139
1451,0.26770350
2808,0.16036508
1668,0.12031588
3572,0.10332723
3108,0.19218981
1670,0.01630108
1679,0.06976808
2601,0.03673434
2417,0.19834552
139,0.28551591
1905,0.04181233
257,0.18370432
561,0.23224564
3119,0.13230837
1681,0.41940320
298,0.15855369
885,0.31513839
2895,0.13488550
1672,0.11384238
1333,0.20329390
361,0.15826272
3781,0.53364257
976,0.25689198
1702,0.05128425
1683,0.30173321
2025,0.14177727
3405,0.20838279
1031,0.39402894
1832,0.12955444
1686,0.32906850
2475,0.18450105
1687,0.29743764
1988,0.13946914
169,0.28615408
2740,0.05587583
1692,0.24978443
170,0.38304004
2154,0.14886674
1406,0.26462772
1794,0.37647158
145,0.21579047
3939,0.11309624
1269,0.29621325
1934,0.06983548
1050,0.25862983
3436,0.07450348
661,0.09412266
171,0.19227240
1602,0.13566266
1714,0.27334783
1715,0.06284087
1719,0.14392307
1105,0.15672523
1913,0.42029104
70,0.41445024
172,0.16795847
2663,0.30005254
3451,0.27165593
1491,0.14840783
1510,0.08003204
837,0.35623094
6,0.25967801
1721,0.17389923
3762,0.09944831
1731,0.08495693
272,0.07869482
3420,0.34005971
3719,0.21067670
1727,0.26632569
2583,0.22430858
61,0.40900419
1815,0.04507329
3527,0.18231576
3873,0.06403613
2780,0.19382699
2015,0.22285690
3250,0.30667590
1735,0.16916000
1789,0.20265404
3696,0.15933384
2243,0.19327500
1738,0.37096954
2565,0.02856084
2566,0.40495183
2568,0.23910017
3393,0.17927100
923,0.09105543
2871,0.16305161
2948,0.19470550
327,0.19070810
3712,0.34296699
259,0.27283614
2571,0.33971458
2113,0.68462307
3310,0.02592647
2573,0.14607389
2574,0.60177923
496,0.17260067
2575,0.31073990
2577,0.39357323
3861,0.34103997
2578,0.10221986
686,0.21055166
3,0.07814030
1198,0.15034320
3321,0.00727239
3815,0.44801262
258,0.36005125
2580,0.06183212
2581,0.30770798
2584,0.17217773
2586,0.21321679
2090,0.06964088
2127,0.02480907
2588,0.03186276
2803,0.07104064
2589,0.47168136
2592,0.19213717
2593,0.10968957
2785,0.03130537
1564,0.04994340
2960,0.00909090
2595,0.11611859
2596,0.05205207
643,0.11221242
2599,0.23708066
269,0.06959180
1963,0.09302685
2600,0.28831913
812,0.09298033
2608,0.03892959
2609,0.16686159
3100,0.00528296
3817,0.12004724
2614,0.33033656
557,0.22392394
2616,0.15725218
2617,0.46000967
501,0.52520568
262,0.20203555
2620,0.43122346
2623,0.16581817
2624,0.29331857
2625,0.44220026
2626,0.12686570
2977,0.23528848
2630,0.26362264
3967,0.19833627
2631,0.12817969
3573,0.09830145
3872,0.14342692
2632,0.26232453
479,0.26255679
692,0.25734015
2696,0.17830468
642,0.17491370
2551,0.14995315
3142,0.04542739
1740,0.39722932
391,0.15222440
2088,0.17245785
2509,0.03533621
2641,0.01560656
2691,0.13137751
2646,0.21275192
2647,0.17823305
2186,0.11889221
2648,0.04065671
1360,0.59579698
2929,0.28024543
265,0.50729005
3662,0.07976720
2651,0.09656992
2858,0.15622874
2094,0.16990516
2524,0.30250070
2654,0.18864413
2655,0.08987979
2656,0.01712231
3456,0.34827029
3796,0.30456958
249,0.66888157
2657,0.33155635
3261,0.20660143
2213,0.14037695
2658,0.17249285
266,0.04005869
3561,0.14947525
2660,0.20668377
3547,0.08315393
2661,0.40660559
2664,0.03460012
532,0.22433896
2665,0.10525156
2798,0.07391525
2667,0.10080643
3710,0.10916786
343,0.27538213
183,0.03851602
2668,0.01412759
2669,0.18522706
2671,0.12290005
2672,0.03967749
2674,0.29950761
2675,0.36535719
286,0.27088256
2679,0.11584390
1029,0.19287195
3093,0.55957661
268,0.24517783
3653,0.05638450
2682,0.02790176
2233,0.07830439
2683,0.09001037
999,0.01932352
1058,0.31090529
2684,0.19216048
2685,0.28949850
3739,0.16152292
764,0.10203732
2705,0.31701453
2687,0.27334651
3075,0.41669620
2688,0.36592577
2689,0.30636973
1123,0.35604535
413,0.42278639
277,0.15838229
1753,0.38690850
2690,0.10118251
2692,0.54841264
3766,0.09402136
2693,0.02605237
2695,0.46864260
3976,0.10342306
2449,0.14972174
2697,0.01034347
2698,0.02648159
270,0.03645004
3675,0.06935683
2700,0.14534037
2701,0.22508137
1121,0.09961617
2702,0.17655269
2703,0.01946243
2704,0.05531648
2706,0.26538654
2152,0.37723165
2707,0.08962211
67,0.11006125
2708,0.05581363
271,0.16746277
3970,0.52557753
1340,0.49996306
2710,0.01484556
85,0.24053781
2712,0.27677581
2713,0.06189732
2022,0.40916128
2714,0.10209853
2715,0.04814470
3055,0.15001440
3535,0.08216286
2716,0.34616837
2717,0.23758023
2260,0.31959032
605,0.13712210
2718,0.26690225
2719,0.02198359
338,0.06242398
575,0.21624554
2157,0.19898994
2720,0.11964057
2724,0.17449594
2722,0.35837938
3773,0.35765892
3332,0.36348500
2725,0.15967635
2728,0.20992929
708,0.95626508
2734,0.06844311
1627,0.11891913
2738,0.25668182
2743,0.05784474
2744,0.11344341
3245,0.12167832
2042,0.09372789
665,0.20675988
2745,0.11030991
2747,0.03946148
275,0.09500833
2998,0.17975673
3633,0.28282810
2751,0.01734985
989,0.10416836
2754,0.01438310
3853,0.09743048
3247,0.35072696
2755,0.49450891
3200,0.07235851
1330,0.14530579
3764,0.14022109
2757,0.26957614
2758,0.15552966
302,0.84963656
513,0.15920844
3590,0.61418993
2761,0.02211336
2764,0.10311652
2765,0.11361477
2766,0.15682337
2047,0.12444926
2767,0.40098291
2768,0.03884152
2910,0.35161772
2731,0.21627776
2769,0.12659200
3529,0.11420270
2770,0.23374119
1335,0.07921234
3016,0.01993693
992,0.19524756
2772,0.28176138
482,0.24618331
2774,0.05928450
2776,0.09722302
3909,0.19644661
2627,0.24937974
706,0.06350725
1250,0.42041753
2035,0.43300223
2779,0.23903069
1232,0.15360870
3575,0.16843492
2781,0.32946909
2783,0.05482065
2816,0.52338324
2788,0.11127832
3784,0.09731697
1621,0.41843664
2790,0.21805154
2291,0.02794809
3733,0.44857366
2791,0.22716178
2792,0.21254810
2796,0.29495574
2797,0.05419455
3683,0.63717967
2799,0.13095926
3938,0.25265211
87,0.07097251
1724,0.19813044
2801,0.02339364
2804,0.08363542
3738,0.05501900
2805,0.01651750
2806,0.42156961
281,0.10060030
2916,0.13445671
2170,0.12786257
2810,0.18755507
102,0.21273542
3041,0.34477754
890,0.15610448
3707,0.33198341
2523,0.06586503
2811,0.37215663
3234,0.23926930
911,0.50550857
2813,0.09375561
3488,0.09687124
2814,0.26940381
1634,0.21453229
2817,0.45119895
3305,0.12089450
2818,0.08833426
752,0.07952699
282,0.26145729
2686,0.26012648
2822,0.20065369
569,0.34397334
2823,0.28167576
1782,0.12084012
2829,0.13459126
2827,0.12561240
3042,0.09796251
3197,0.10373380
2828,0.25526594
283,0.05088593
2832,0.00000000
2434,0.05842632
2880,0.07391729
2834,0.34886624
3496,0.09670551
2835,0.08924156
3755,0.12617821
256,0.18065759
2837,0.03397596
734,0.04616505
2839,0.17677343
3907,0.51166426
1969,0.17565069
1104,0.13533298
284,0.03822320
2840,0.31705370
2843,0.26348590
1414,0.19898227
2844,0.19417442
3283,0.30411576
2845,0.12724446
2846,0.13494726
2365,0.14205833
2848,0.22424304
2851,0.32008565
2854,0.08895460
2856,0.24089541
3280,0.17975352
2859,0.12149309
3203,0.41175842
2860,0.08708648
385,0.23686169
2861,0.23249258
2756,0.17023666
2863,0.17512285
1138,0.19169341
2864,0.52030403
2865,0.17597168
287,0.10958825
3139,0.38821260
2870,0.17694661
2873,0.22779591
2874,0.11392100
2877,0.01385658
2629,0.17681169
1635,0.07604837
2878,0.12105378
3258,0.36830345
3893,0.23803917
2879,0.27515044
3822,0.18576173
2885,0.14584144
1716,0.24180932
3181,0.32594226
3982,0.12107976
2886,0.05387161
373,0.11623114
3659,0.06785202
2324,0.08728577
2887,0.01866287
2733,0.01771761
2888,0.21881002
2889,0.14393795
2891,0.14787679
481,0.59248035
2893,0.03593742
3829,0.06232775
2896,0.12172753
604,0.31976291
2897,0.15016756
677,0.17206293
2898,0.25122378
2303,0.21892767
290,0.12024164
3268,0.25566961
3678,0.27640562
2902,0.46433585
2903,0.08037013
1527,0.14166769
2905,0.15371930
1902,0.24984703
2907,0.21379536
2908,0.21663808
896,0.23666375
1129,0.25853231
2909,0.20781272
2841,0.12781701
3194,0.22480921
291,0.12641276
2911,0.06578393
2913,0.34255296
553,0.31170921
2914,0.03364062
2915,0.06571143
2084,0.13780581
2920,0.13054808
1543,0.16853085
2921,0.23281623
3117,0.07314276
299,0.22976571
2923,0.05933819
2925,0.26498375
2917,0.04509502
2926,0.15483956
3699,0.36224533
526,0.23424282
2928,0.06478763
2931,0.16841216
2934,0.04726641
1369,0.26861884
2935,0.15188037
572,0.12336030
1967,0.20150372
2936,0.46468237
2937,0.11810037
2699,0.03801551
2938,0.08731081
2940,0.50093702
3933,0.25289661
933,0.22995479
621,0.27104371
767,0.31198060
1867,0.04970604
2942,0.09042295
2944,0.06264344
3059,0.09888614
565,0.21872157
620,0.19800597
2946,0.11331410
792,0.19385496
2947,0.16648768
348,0.47514453
435,0.05439382
2949,0.09523053
1303,0.10479162
2809,0.29953307
2217,0.00279064
295,0.38232558
34,0.45466208
2762,0.19914738
350,0.12024490
1699,0.07339261
3255,0.22396741
2952,0.13133945
2953,0.55980931
2245,0.63901515
3505,0.27012433
2956,0.38816783
524,0.20156700
2958,0.26627098
718,0.09390987
296,0.54309266
2973,0.11439197
1781,0.14593341
1885,0.11701446
1201,0.11101118
2842,0.23745225
2962,0.38987511
1219,0.07704658
1408,0.21790507
3611,0.11300887
2383,0.48474252
1661,0.22054580
2963,0.05886420
3054,0.17204413
394,0.06455136
2965,0.07710036
354,0.40992297
3467,0.04025302
3700,0.22207630
2966,0.06096385
2104,0.33129314
378,0.21742762
2967,0.10913389
2971,0.16289182
2978,0.35061096
2980,0.53254338
2981,0.02520480
3512,0.11193370
2723,0.25444555
2988,0.45072029
1552,0.12322297
2556,0.01979174
2990,0.03706519
2991,0.21317857
3613,0.17200674
2993,0.23103978
255,0.17880979
3269,0.16351227
2484,0.27075022
2994,0.07118276
1331,0.21489694
1024,0.42426286
2995,0.13880793
3816,0.09433294
30,0.20592987
429,0.01754212
1701,0.18836743
300,0.18015397
750,0.04241486
3001,0.03606542
502,0.14043135
35,0.05794554
941,0.13507575
3002,0.21141081
3293,0.20753613
3519,0.10113684
1860,0.46810223
3004,0.05763078
3457,0.31798920
3007,0.13666804
301,0.17394195
3010,0.17698981
3011,0.14187098
3931,0.52562675
3857,0.16624113
2144,0.19607103
3012,0.15520848
3022,0.19590032
1228,0.15840056
3013,0.01840660
59,0.21377846
1646,0.36207025
3014,0.24291168
534,0.38999100
3015,0.37732309
591,0.16232785
3017,0.03879730
3019,0.30708931
1364,0.10739084
1285,0.11129545
3020,0.31947366
3649,0.19427606
2735,0.40312138
3906,0.31774930
1994,0.13680375
3021,0.06961220
2264,0.22227184
2606,0.05456109
3023,0.43408208
2635,0.04707970
3024,0.23012460
8,0.88739799
3780,0.12866252
1950,0.07923205
3026,0.28071965
3314,0.03465351
160,0.32587116
154,0.42807458
3027,0.14472477
303,0.13987727
347,0.20741925
3030,0.35111853
3032,0.04656066
3975,0.14871237
3033,0.26078274
340,0.04923916
704,0.27880403
907,0.24136755
3034,0.06702056
3943,0.15839768
3035,0.31390447
2778,0.22762152
3036,0.36986411
304,0.05326525
3040,0.03916007
395,0.21072098
1457,0.19861435
3043,0.14868551
3046,0.30051510
3047,0.16106375
400,0.20926744
562,0.02157988
112,0.53523934
3048,0.16858055
305,0.09709779
3051,0.15908274
660,0.14852379
264,0.00699104
3052,0.22120922
3056,0.34673378
3216,0.23411043
3057,0.11402195
3058,0.07167180
2830,0.12604958
607,0.32719999
3060,0.09455896
2093,0.36008010
3308,0.61793239
3061,0.21064314
2044,0.40187858
3062,0.30191349
1099,0.10714814
3063,0.18959127
3347,0.45780198
1587,0.07767162
3064,0.37497078
3066,0.16282310
3068,0.07070543
2062,0.06825362
2506,0.09925896
3069,0.54312144
926,0.15063891
185,0.39360641
2831,0.12288303
307,0.16356290
353,0.01668514
3072,0.07767231
1718,0.03286427
3077,0.05237165
3078,0.16355684
3079,0.22083370
3080,0.01879106
3592,0.00000000
3955,0.07490764
1644,0.44818479
3084,0.24632596
3085,0.19911114
2730,0.46607223
688,0.10039264
3086,0.17696958
3088,0.43784622
3149,0.24316979
2985,0.28352735
3089,0.22113722
309,0.06343433
2594,0.42837616
3090,0.10625070
443,0.12422784
950,0.31192971
1628,0.35624398
3478,0.22422514
1814,0.07301824
103,0.12512125
3095,0.11116056
3097,0.15197111
3098,0.68245339
310,0.43579982
1247,0.17067376
720,0.20438997
315,0.10596265
3102,0.14971884
3361,0.09688477
3576,0.11837323
1993,0.11398574
3103,0.04472551
3104,0.27173500
1021,0.13837366
311,0.10115189
3110,0.18711202
1548,0.25145514
3111,0.29108303
3112,0.17870140
2777,0.48420391
3862,0.37688065
673,0.04325751
460,0.25737384
1709,0.27031706
1984,0.07121647
3118,0.25610212
1846,0.08325346
1420,0.10498335
3121,0.06216701
3101,0.33266726
3122,0.28284474
3503,0.16536132
1651,0.33315302
3126,0.17541059
3127,0.18364613
3131,0.09597991
519,0.29892427
1663,0.21866441
3132,0.03960643
2773,0.09195662
3137,0.26780071
314,0.06371755
3141,0.00850841
1868,0.24912266
3494,0.25366384
3144,0.14716218
3146,0.11886909
3493,0.23670453
1772,0.14625223
3150,0.17184767
3996,0.37036740
3514,0.32825955
3152,0.26073992
548,0.07069076
3823,0.08237739
3153,0.19204620
1182,0.20956807
105,0.21763389
3156,0.05553471
3157,0.16291141
3162,0.16342460
3375,0.26296314
3163,0.26443151
3458,0.22595574
3165,0.19077758
3166,0.03494287
3167,0.09641225
3168,0.50156914
3169,0.01698962
317,0.14343695
3171,0.13514324
223,0.29082079
3172,0.09872890
3125,0.15345523
746,0.25751418
3173,0.22793269
3177,0.12904323
3178,0.25671426
318,0.28112712
3536,0.08692166
1087,0.23080997
1354,0.60503227
3808,0.19841068
3182,0.20847725
2118,0.21970467
3917,0.23424945
3183,0.35108643
3184,0.14377016
3185,0.07203248
731,0.46611215
3186,0.29441881
3214,0.14810720
3187,0.34046045
545,0.07972606
589,0.28718391
3188,0.13666105
3652,0.07573580
3189,0.33331062
2750,0.32168352
3651,0.03148907
3190,0.09431617
2753,0.21967324
3191,0.05607364
3195,0.17526642
480,0.20942761
993,0.29931657
3198,0.39169999
2059,0.07961079
507,0.17442011
2800,0.15407369
2666,0.27500031
1866,0.61507232
1639,0.57691708
3208,0.08902707
3209,0.08915209
3761,0.12529613
3211,0.40933649
3215,0.19572913
3218,0.11831219
1813,0.21223019
3220,0.20683556
3221,0.04480305
1011,0.21378766
3222,0.13032260
3224,0.15386834
3228,0.12272476
3229,0.05828459
3889,0.40464998
3230,0.05582644
3231,0.22610575
1932,0.22578391
3236,0.18465378
3239,0.30783189
3240,0.19745956
3242,0.32221524
3246,0.17760181
2999,0.17259924
2457,0.42182209
3248,0.21810135
1338,0.30605567
2954,0.01115334
325,0.38538361
368,0.24873305
3251,0.23873773
148,0.28771141
1267,0.15690753
636,0.06638221
3257,0.06193795
3528,0.19220274
244,0.16097400
3259,0.13092987
326,0.08522158
3260,0.03230296
3262,0.18909220
3363,0.08545864
3442,0.44249791
3264,0.12246314
3265,0.33410613
2027,0.47063688
3267,0.05584127
3877,0.23068360
2248,0.10470096
471,0.32880594
3271,0.26270216
3279,0.18319287
75,0.03863068
328,0.17213166
1365,0.20249822
3281,0.28581211
3284,0.22041643
538,0.18246581
3286,0.30046270
215,0.13823578
3951,0.11758914
564,0.18082854
329,0.42765913
2238,0.08231124
1898,0.07932647
2922,0.09025903
3290,0.16187624
3294,0.68749814
3295,0.18404746
3297,0.17290400
3299,0.08806934
1166,0.06865854
33,0.00701801
330,0.09270485
1322,0.46498972
3301,0.06431890
2868,0.27126985
2970,0.37711446
3302,0.07177712
3516,0.20021920
2153,0.06938597
3304,0.19726627
3307,0.02770177
2838,0.22597458
488,0.11533524
3309,0.16724648
415,0.12857227
3076,0.02753808
965,0.06463478
1358,0.07181113
331,0.34223142
3311,0.15698785
2732,0.06341493
3383,0.19167279
3316,0.16477303
3322,0.11686939
3325,0.13867781
2959,0.14889660
2294,0.04369843
3327,0.35729595
701,0.08656742
3328,0.09189119
3331,0.13763389
3888,0.11218059
2918,0.01860983
3233,0.15041440
3334,0.08905203
3335,0.10791362
3748,0.32146077
979,0.02411917
3338,0.19575768
515,0.09109562
224,0.37088006
3368,0.33030300
856,0.16591470
3344,0.07835647
3350,0.34336652
377,0.31612459
3352,0.11933149
3754,0.09870300
3353,0.18299297
3354,0.20659571
3356,0.12042642
622,0.82684882
3358,0.17110527
3607,0.05598278
601,0.23132919
3359,0.11771588
2270,0.11367175
1571,0.08778618
336,0.44757874
3364,0.54380488
3842,0.12299618
2188,0.04124788
3365,0.10670406
3366,0.02850590
3367,0.18116146
2982,0.25520724
3370,0.11113444
3371,0.27509054
3372,0.08549752
3373,0.24083370
3684,0.29265623
3706,0.20220083
450,0.07702817
1935,0.01373937
3374,0.24934461
3377,0.12303491
3379,0.02967818
594,0.04807661
3380,0.24222161
1730,0.16851471
1903,0.02572025
3381,0.12268729
374,0.17684678
3382,0.16355400
2087,0.44521736
3705,0.29488181
3384,0.08019264
3387,0.29825918
3389,0.24694055
3390,0.24391743
3556,0.16165598
951,0.04009777
3391,0.76698164
606,0.12592950
254,0.43642865
3392,0.32191924
3912,0.00730073
3394,0.15027133
1612,0.20493928
2881,0.27214401
3400,0.15155854
901,0.19806735
3401,0.04132360
3621,0.31021837
936,0.16154602
3406,0.13749068
3409,0.18661968
3664,0.07670399
341,0.07771789
3411,0.18298078
681,0.09746833
3412,0.25017196
2579,0.31733147
3413,0.13818643
3865,0.00629295
3417,0.27548264
623,0.09069448
3837,0.08406313
342,0.01128695
3426,0.20626008
3471,0.30913402
1630,0.20239847
3428,0.07968662
2867,0.25346186
3431,0.12697468
3159,0.14360745
3434,0.02684245
2122,0.36138877
3438,0.03440637
3440,0.16422761
165,0.18783971
3444,0.03220771
982,0.36899715
3446,0.21470925
1480,0.14965035
3094,0.26904475
3599,0.00000000
2681,0.02244901
1728,0.14555919
3447,0.24081625
1184,0.45942219
3449,0.47710977
2358,0.10705451
3626,0.16633643
3450,0.18836222
3453,0.12714070
1574,0.07561555
3455,0.23415696
3213,0.18521672
346,0.44564045
3460,0.05935112
358,0.16994606
3461,0.15299035
3462,0.01499977
3092,0.01027428
3303,0.48206945
3463,0.34287137
2017,0.15763739
3465,0.02748819
3466,0.15908688
3469,0.28424651
3472,0.29160138
3473,0.05675694
3793,0.20011142
3701,0.33517329
611,0.48531378
3474,0.13463205
3475,0.11796951
3477,0.51543772
3482,0.20989109
3484,0.20388691
1274,0.13114250
3630,0.11790383
3489,0.29453437
1743,0.04651061
3490,0.17190888
3498,0.16187961
2585,0.54716621
1341,0.05516783
3499,0.36054908
3500,0.16402036
3502,0.01450496
3504,0.18514227
497,0.09449889
312,0.07156245
2076,0.26803458
3506,0.12001923
3179,0.16489977
3507,0.03052601
3509,0.09595388
662,0.09624839
3510,0.18848777
3511,0.20802832
3515,0.01934045
3517,0.04257508
2128,0.08616721
498,0.24683655
2411,0.23896393
3521,0.55560094
928,0.23077617
3749,0.22062200
3523,0.30177097
3524,0.05716431
3525,0.06418275
3768,0.07966822
3357,0.30455917
3526,0.12188148
3799,0.08765426
2350,0.06080764
882,0.23754784
3530,0.34986197
3534,0.22108363
3537,0.00822942
670,0.15759151
2904,0.10871712
3538,0.08040524
3544,0.26431685
3546,0.12006165
409,0.16583811
1258,0.11209964
3160,0.26478990
3548,0.11228258
1938,0.08420963
3549,0.17268087
3550,0.29306318
3552,0.19489877
877,0.11201409
3553,0.09324212
3554,0.01965226
3555,0.16195056
3557,0.06542623
671,0.35998287
3558,0.23244057
356,0.32657439
3562,0.21804809
3418,0.16044926
3855,0.08455311
2495,0.06432537
1819,0.28254928
3565,0.09210251
3566,0.21330269
2155,0.45530565
3870,0.16069955
357,0.24575586
3571,0.06482811
3574,0.21880163
2930,0.14438167
3577,0.10071254
3330,0.38795790
3578,0.12854204
3581,0.05963301
682,0.23387891
3582,0.28556124
1749,0.30352347
3583,0.17221673
3903,0.05420614
840,0.18250813
3585,0.08699133
3586,0.27388336
3587,0.14976132
3725,0.04179837
3588,0.17468814
506,0.22481919
359,0.02635792
3591,0.10258763
2106,0.14886155
3593,0.75816173
36,0.18470654
360,0.00000000
778,0.11431063
2178,0.12917742
2670,0.14010191
3600,0.19093759
715,0.17400229
2069,0.21444215
3601,0.12019233
3602,0.23230590
1216,0.08817927
3603,0.30120140
1823,0.12287716
3604,0.11641467
3605,0.24260441
3606,0.21353152
3911,0.26546632
3608,0.32208021
3522,0.07569299
1664,0.07167015
3202,0.57701606
3609,0.16824202
3612,0.09082795
3686,0.17383308
3151,0.03358169
3615,0.11245695
3616,0.06738536
566,0.43940722
3617,0.19213431
3620,0.24231790
3622,0.05703533
3270,0.11131681
3623,0.08455012
2006,0.23110015
434,0.16356228
3624,0.19024550
3627,0.09706689
3629,0.21925491
2570,0.19365986
2969,0.20008989
363,0.05729788
3631,0.09553893
3632,0.32742216
1817,0.08311001
63,0.29795734
2211,0.08966510
3635,0.22016584
888,0.57301491
3916,0.08987872
3636,0.25690068
3913,0.16365392
766,0.12839090
3419,0.29499922
3638,0.11006706
446,0.13007743
3640,0.18222461
624,0.05702515
3641,0.06045416
3642,0.24035835
584,0.12221491
365,0.16480588
3650,0.18779765
1427,0.09567721
3655,0.13625752
3657,0.15400994
366,0.25243566
2082,0.77218667
3660,0.02213546
781,0.11988043
3661,0.06438246
3665,0.05661277
1976,0.17789618
3667,0.20407502
403,0.07265657
3668,0.24444666
2517,0.08650111
3669,0.39889979
3292,0.35260620
3670,0.14027187
3671,0.08971193
523,0.33182463
1565,0.12023754
3672,0.03020062
2388,0.05904352
3677,0.09473338
3679,0.08468050
3680,0.14603703
3681,0.27855730
428,0.15750998
3685,0.19315198
3687,0.05614891
2979,0.23472061
3688,0.13618211
3689,0.34707286
369,0.20639203
3692,0.31497537
3695,0.20509922
3698,0.13412676
2932,0.31192430
37,0.16824514
370,0.30934871
3702,0.11654498
3703,0.04904876
371,0.57124013
1694,0.22816431
597,0.10642158
3711,0.12092393
3718,0.21998156
995,0.26927642
372,0.10508163
3296,0.17778291
3722,0.16307440
3723,0.02732543
3724,0.17238153
2498,0.24997162
375,0.16562726
3728,0.39768194
3729,0.14210077
2640,0.17626034
3732,0.09185518
3742,0.14386292
521,0.48862229
3658,0.33726305
3743,0.20451330
1640,0.41639060
2628,0.02441658
3745,0.16895096
3746,0.27328304
3747,0.65841819
2234,0.15194204
3756,0.14820265
3758,0.11718712
3765,0.34082888
645,0.08814904
1079,0.13298633
3767,0.19092522
3770,0.02510949
2833,0.37772191
3774,0.16032454
625,0.16399217
3775,0.30315015
3776,0.14897612
3779,0.39897427
2265,0.13352804
549,0.00378071
3656,0.17244449
3782,0.09485566
3785,0.28444261
3787,0.37904610
3783,0.18960367
3789,0.09834409
3792,0.09608166
3794,0.05534689
41,0.04959079
3201,0.06294188
1774,0.27419272
3795,0.11924775
3797,0.32808246
3801,0.06834364
2662,0.25033375
3804,0.18778941
297,0.11563330
1770,0.24408581
3805,0.09583796
3807,0.07724388
3809,0.28536283
1402,0.36047731
3810,0.79383651
2020,0.02427650
3818,0.06372532
3820,0.30065243
2882,0.40039086
3769,0.08265700
3821,0.29873552
3985,0.09480241
1168,0.08044917
3824,0.15571675
3744,0.07872957
580,0.24163335
383,0.05614935
3806,0.25259277
3830,0.44079832
3832,0.11268154
3834,0.14297393
1953,0.22935851
3839,0.25085070
384,0.09652789
73,0.22479072
3840,0.06880923
3843,0.20566278
423,0.26586914
3513,0.05998195
3846,0.16317760
771,0.03739656
3847,0.05969291
3848,0.06623427
3850,0.08456563
1802,0.19919471
3851,0.22334358
1624,0.40103833
376,0.06146750
3852,0.16319380
3854,0.26245918
3859,0.07200963
3645,0.51032916
3860,0.23690869
3864,0.34313374
3867,0.15476955
3869,0.21582859
3871,0.24873159
3875,0.03246673
3876,0.10751956
3878,0.09692655
3881,0.13995569
1295,0.23285904
1872,0.12368771
3884,0.09353247
3886,0.61184191
47,0.26986350
3429,0.22313726
389,0.27575786
3890,0.02700117
641,0.19974773
3891,0.09878164
3892,0.10014888
3895,0.32101769
512,0.34802309
3898,0.53187343
3929,0.18230918
592,0.13091410
39,0.07115803
143,0.03826486
3904,0.30998984
3905,0.05639152
1697,0.26924272
3908,0.19269585
1152,0.21785086
3910,0.25239060
3915,0.09289714
3919,0.12120299
3920,0.14750018
3942,0.23038764
3921,0.44418746
3924,0.10559136
3926,0.17985880
779,0.41354473
3927,0.39367228
393,0.28790126
3991,0.13449249
1028,0.16532715
3935,0.13593176
3978,0.05280329
973,0.29759115
3937,0.13788188
3945,0.20824269
219,0.56268912
2976,0.25245911
31,0.04844262
3946,0.02387252
2256,0.14060419
1109,0.32563035
3947,0.13437838
3948,0.50475359
1487,0.08554394
3952,0.09775117
3008,0.49142826
3953,0.24387692
2497,0.08491832
3954,0.29197069
252,0.10370469
3956,0.06588491
3958,0.33532912
490,0.03136816
3960,0.20946616
1083,0.09469014
3961,0.06678680
2207,0.02454584
2101,0.16686340
3962,0.23072989
3965,0.53787423
2140,0.34857598
3966,0.19222678
634,0.31000080
3968,0.06343691
3969,0.33196219
397,0.07049722
2368,0.19291000
3971,0.09470097
3972,0.16071078
3973,0.12283289
1779,0.08384811
1834,0.13947956
3974,0.16897153
3979,0.08479385
3336,0.58383033
1940,0.06365633
398,0.02257373
3730,0.17387734
2638,0.11397287
3879,0.12670898
3980,0.09272973
3983,0.19788501
