ID,communityID
762,1
26,1
379,1
609,1
557,1
61,1
385,1
568,1
660,1
753,1
96,1
452,1
25,1
317,1
585,1
564,1
68,1
256,1
520,1
653,1
587,1
593,1
23,1
620,1
29,1
579,1
745,1
592,1
19,1
87,1
575,1
245,1
275,1
791,1
533,1
677,1
782,1
174,1
103,1
599,1
655,1
326,1
30,1
561,1
338,1
27,1
111,1
692,1
789,1
489,1
536,1
456,1
392,1
773,1
133,1
8,1
239,1
491,1
280,1
387,1
608,1
468,1
469,1
494,1
666,1
311,1
138,1
638,1
108,1
493,1
190,1
15,1
12,1
738,1
462,1
440,1
172,1
43,1
69,1
702,1
763,1
586,1
473,1
445,1
169,1
722,1
465,1
767,1
240,1
661,1
697,1
60,1
161,1
44,1
779,1
556,1
411,1
185,1
127,1
454,1
208,1
13,1
224,1
581,1
519,1
339,1
488,1
448,1
560,1
719,1
772,1
426,1
152,1
424,1
775,1
617,1
627,1
413,1
222,1
796,1
79,1
179,1
481,1
432,1
514,1
507,1
798,1
603,1
268,1
322,1
482,1
336,1
611,1
330,1
709,1
207,1
425,1
492,1
101,1
647,1
606,1
785,1
449,1
459,1
163,1
589,1
341,1
410,1
232,1
768,1
331,1
236,1
299,1
396,1
36,1
400,1
28,1
442,1
377,1
199,1
613,1
145,1
148,1
276,1
754,1
81,1
371,1
312,1
406,1
751,1
167,1
270,1
176,1
559,1
443,1
259,1
769,1
770,1
607,1
761,1
91,1
302,1
98,1
115,1
784,1
90,1
354,1
648,1
414,1
284,1
698,1
496,1
59,1
511,1
285,1
315,1
150,1
435,1
574,1
218,1
510,1
88,1
504,1
365,1
277,1
683,1
419,1
618,1
795,1
347,1
219,1
71,1
565,1
273,1
622,1
573,1
40,1
428,1
18,1
154,1
85,1
252,1
664,1
348,1
752,1
674,1
619,1
471,1
229,1
576,1
594,1
735,1
525,1
800,1
123,1
461,1
250,1
602,1
64,1
147,1
724,1
483,1
233,1
206,1
522,1
427,1
497,1
104,1
327,1
405,1
651,1
297,1
601,1
5,1
657,1
694,1
787,1
727,1
696,1
472,1
742,1
370,1
265,1
484,1
203,1
300,1
307,1
623,1
124,1
720,1
512,1
712,1
457,1
479,1
197,1
112,1
253,1
640,1
114,1
632,1
689,1
196,1
591,1
423,1
704,1
631,1
547,1
430,1
501,1
217,1
695,1
682,1
495,1
535,1
99,1
527,1
76,1
436,1
726,1
355,1
128,1
542,1
463,1
616,1
668,1
737,1
117,1
149,1
584,1
345,1
490,1
296,1
318,1
282,1
73,1
644,1
733,1
2,1
140,1
707,1
441,1
119,1
366,1
636,1
298,1
292,1
746,1
708,1
582,1
732,1
52,1
758,1
615,1
685,1
797,1
357,1
272,1
723,1
706,1
760,1
191,1
157,1
235,1
134,1
21,1
255,1
209,1
690,1
187,1
386,1
553,1
351,1
151,1
344,1
303,1
415,1
688,1
369,1
558,1
286,1
672,1
328,1
748,1
794,1
524,1
37,1
228,1
513,1
58,1
781,1
713,1
531,1
159,1
20,1
729,1
335,1
135,1
237,1
258,1
529,1
375,1
288,1
319,1
308,1
393,1
144,1
691,1
480,1
242,1
577,1
304,1
223,1
83,1
417,1
118,1
684,1
460,1
55,1
711,1
548,1
54,1
646,1
97,1
368,1
198,1
51,1
659,1
630,1
352,1
192,1
100,1
389,1
478,1
470,1
143,1
225,1
66,1
121,1
730,1
53,1
649,1
407,1
699,1
610,1
31,1
788,1
212,1
544,1
487,1
227,1
32,1
194,1
74,1
526,1
231,1
374,1
554,1
563,1
201,1
642,1
422,1
486,1
600,1
216,1
243,1
301,1
378,1
552,1
778,1
740,1
67,1
583,1
110,1
109,1
717,1
105,1
736,1
749,1
658,1
325,1
635,1
4,1
136,1
639,1
567,1
703,1
555,1
346,1
47,1
403,1
125,1
221,1
320,1
755,1
155,1
202,1
160,1
350,1
395,1
164,1
475,1
641,1
523,1
731,1
211,1
226,1
741,1
130,1
614,1
506,1
210,1
412,1
306,1
94,1
652,1
254,1
693,1
670,1
759,1
63,1
246,1
137,1
515,1
451,1
541,1
1,1
141,1
764,1
572,1
249,1
399,1
391,1
39,1
687,1
321,1
142,1
598,1
166,1
793,1
24,1
171,1
9,1
49,1
604,1
650,1
408,1
241,1
359,1
765,1
678,1
503,1
93,1
477,1
372,1
466,1
521,1
453,1
700,1
774,1
500,1
444,1
10,1
132,1
107,1
476,1
84,1
3,1
437,1
289,1
279,1
532,1
261,1
780,1
188,1
550,1
92,1
248,1
170,1
329,1
213,1
42,1
509,1
665,1
654,1
776,1
340,1
725,1
571,1
175,1
518,1
80,1
716,1
667,1
358,1
439,1
180,1
16,1
595,1
777,1
388,1
418,1
416,1
705,1
65,1
362,1
680,1
204,1
467,1
184,1
580,1
82,1
710,1
220,1
305,1
295,1
588,1
324,1
629,1
569,1
570,1
50,1
429,1
790,1
499,1
178,1
447,1
637,1
404,1
566,1
195,1
238,1
278,1
645,1
743,1
540,1
714,1
530,1
173,1
634,1
70,1
364,1
122,1
398,1
177,1
162,1
6,1
48,1
78,1
214,1
543,1
516,1
334,1
56,1
181,1
450,1
168,1
718,1
186,1
799,1
251,1
578,1
549,1
766,1
356,1
193,1
200,1
116,1
715,1
131,1
792,1
502,1
508,1
7,1
596,1
146,1
263,1
757,1
139,1
538,1
624,1
701,1
153,1
102,1
551,1
546,1
182,1
234,1
75,1
126,1
343,1
376,1
621,1
281,1
267,1
89,1
446,1
421,1
434,1
686,1
287,1
367,1
679,1
363,1
383,1
756,1
290,1
633,1
734,1
247,1
401,1
675,1
271,1
14,1
332,1
409,1
257,1
671,1
323,1
590,1
628,1
291,1
310,1
390,1
95,1
373,1
663,1
397,1
183,1
771,1
129,1
38,1
431,1
361,1
382,1
750,1
269,1
597,1
120,1
283,1
333,1
294,1
676,1
274,1
11,1
165,1
156,1
662,1
625,1
46,1
72,1
498,1
744,1
215,1
626,1
309,1
189,1
77,1
230,1
34,1
464,1
669,1
384,1
41,1
86,1
562,1
394,1
262,1
739,1
35,1
505,1
380,1
433,1
605,1
33,1
381,1
313,1
106,1
643,1
517,1
545,1
420,1
17,1
316,1
656,1
528,1
314,1
721,1
455,1
612,1
113,1
728,1
747,1
458,1
402,1
205,1
537,1
534,1
244,1
342,1
681,1
22,1
783,1
260,1
337,1
485,1
349,1
266,1
293,1
62,1
474,1
264,1
673,1
539,1
360,1
786,1
438,1
57,1
158,1
353,1
45,1
1388,2
1546,2
925,2
878,2
1485,2
1001,2
1567,2
1444,2
1386,2
1467,2
1469,2
1166,2
881,2
1181,2
803,2
1413,2
1083,2
1365,2
945,2
1009,2
1103,2
1398,2
992,2
1123,2
965,2
885,2
1234,2
1520,2
1477,2
1324,2
1564,2
834,2
1132,2
1225,2
1463,2
816,2
1594,2
1340,2
1145,2
1007,2
953,2
1561,2
1417,2
895,2
1353,2
1402,2
1030,2
1134,2
1335,2
1333,2
1578,2
1558,2
994,2
888,2
1482,2
950,2
1483,2
1530,2
847,2
1010,2
1500,2
1332,2
1069,2
1219,2
1260,2
811,2
1552,2
1430,2
1252,2
1391,2
887,2
1420,2
1111,2
818,2
1299,2
1282,2
987,2
1185,2
1576,2
1540,2
976,2
891,2
984,2
858,2
1502,2
1233,2
1355,2
1373,2
905,2
1528,2
1055,2
1244,2
836,2
1473,2
849,2
1327,2
1025,2
916,2
1221,2
930,2
827,2
802,2
1120,2
1029,2
1356,2
1192,2
892,2
1208,2
1411,2
968,2
1153,2
871,2
862,2
1529,2
1039,2
857,2
1406,2
938,2
962,2
996,2
1081,2
993,2
923,2
1223,2
1337,2
1216,2
1044,2
1271,2
1432,2
1375,2
1440,2
1476,2
1242,2
1354,2
1124,2
1510,2
1596,2
971,2
1229,2
1370,2
1519,2
919,2
966,2
1072,2
1015,2
1211,2
1562,2
1518,2
1274,2
1165,2
1163,2
1416,2
1188,2
1246,2
1415,2
1032,2
904,2
991,2
1281,2
1070,2
941,2
900,2
1460,2
1057,2
1087,2
1196,2
1026,2
1403,2
1585,2
1294,2
1357,2
1590,2
1569,2
1164,2
877,2
910,2
1074,2
1489,2
1264,2
859,2
1410,2
1031,2
1322,2
1479,2
1036,2
1542,2
940,2
1526,2
1292,2
1177,2
1143,2
1226,2
824,2
1593,2
1231,2
1284,2
1273,2
1407,2
1088,2
967,2
1040,2
1261,2
1171,2
1310,2
1451,2
1401,2
1280,2
1343,2
1067,2
1392,2
1548,2
1312,2
866,2
1207,2
1091,2
1142,2
1270,2
1557,2
1309,2
952,2
1504,2
1146,2
1419,2
1358,2
828,2
1317,2
1037,2
1054,2
1367,2
902,2
1408,2
1491,2
921,2
1118,2
1298,2
1002,2
1412,2
1509,2
1494,2
918,2
1486,2
864,2
1227,2
1583,2
927,2
814,2
935,2
970,2
869,2
1285,2
1598,2
1297,2
1084,2
1004,2
1158,2
1041,2
1449,2
830,2
1254,2
956,2
1205,2
1129,2
1414,2
1507,2
807,2
1433,2
1236,2
932,2
832,2
867,2
1346,2
1023,2
1167,2
1024,2
986,2
1130,2
1544,2
852,2
1314,2
1423,2
1122,2
1533,2
936,2
1515,2
1203,2
1021,2
1138,2
1136,2
831,2
1396,2
893,2
1062,2
1148,2
1198,2
1570,2
1184,2
1374,2
1000,2
944,2
821,2
1204,2
808,2
1066,2
1189,2
951,2
1238,2
1512,2
1159,2
909,2
1149,2
1102,2
1232,2
1399,2
872,2
1568,2
1187,2
913,2
942,2
1240,2
1577,2
1308,2
809,2
1323,2
880,2
1315,2
1049,2
1329,2
1121,2
813,2
1092,2
1045,2
846,2
1527,2
1028,2
1446,2
1424,2
1135,2
1117,2
1089,2
804,2
1495,2
1362,2
1454,2
1014,2
1560,2
947,2
812,2
981,2
957,2
1107,2
1019,2
1295,2
823,2
1235,2
1559,2
1275,2
974,2
820,2
1597,2
1255,2
1160,2
845,2
1061,2
1114,2
937,2
943,2
1397,2
1330,2
1077,2
1404,2
1097,2
1511,2
1480,2
863,2
1042,2
1047,2
978,2
931,2
1538,2
1048,2
1301,2
1116,2
1582,2
1351,2
969,2
1345,2
1523,2
1447,2
1191,2
928,2
1012,2
1579,2
1545,2
1539,2
1537,2
801,2
1554,2
1156,2
1556,2
1434,2
1263,2
835,2
896,2
1470,2
1342,2
1599,2
1110,2
1591,2
1436,2
1113,2
1038,2
1581,2
1075,2
1318,2
1313,2
1139,2
1224,2
1288,2
1194,2
1316,2
1175,2
1352,2
1305,2
1573,2
1217,2
1147,2
897,2
1289,2
955,2
1078,2
1331,2
1043,2
1572,2
997,2
1237,2
883,2
1183,2
1443,2
844,2
1551,2
839,2
1361,2
1448,2
1247,2
1422,2
960,2
1334,2
1338,2
983,2
1109,2
1553,2
829,2
1195,2
1022,2
1336,2
873,2
875,2
1052,2
1499,2
949,2
1063,2
1381,2
825,2
1202,2
1565,2
1501,2
1186,2
1086,2
1379,2
882,2
1478,2
1390,2
1020,2
1027,2
990,2
912,2
1262,2
843,2
1017,2
1161,2
1206,2
819,2
1174,2
1214,2
1393,2
1291,2
906,2
1405,2
1363,2
1230,2
1588,2
1395,2
1455,2
884,2
894,2
1387,2
1506,2
1257,2
1490,2
1400,2
1462,2
1005,2
1505,2
1368,2
1079,2
1378,2
1199,2
975,2
1508,2
1137,2
1119,2
879,2
1151,2
1503,2
1521,2
1101,2
1253,2
1170,2
1182,2
1283,2
1580,2
963,2
1532,2
1085,2
959,2
961,2
1468,2
810,2
1550,2
1325,2
855,2
1245,2
1197,2
1152,2
1474,2
1287,2
1157,2
1201,2
1475,2
1517,2
1278,2
1384,2
1105,2
1465,2
1360,2
856,2
1213,2
1453,2
933,2
1279,2
903,2
926,2
1128,2
1098,2
1589,2
1320,2
1531,2
1359,2
865,2
840,2
917,2
1068,2
1058,2
1265,2
1442,2
1215,2
908,2
1099,2
934,2
1584,2
1104,2
1429,2
1513,2
1133,2
1250,2
907,2
1586,2
899,2
1421,2
1065,2
1525,2
1266,2
1106,2
1458,2
1380,2
1382,2
860,2
1168,2
1190,2
1574,2
1141,2
1073,2
1441,2
1210,2
1425,2
914,2
817,2
1016,2
999,2
1471,2
1376,2
939,2
1162,2
1256,2
1176,2
1178,2
1431,2
1172,2
924,2
1200,2
1439,2
1286,2
1524,2
1303,2
1076,2
1212,2
1035,2
842,2
1003,2
979,2
1600,2
1080,2
982,2
886,2
1456,2
1126,2
1248,2
1209,2
1349,2
1228,2
1112,2
1514,2
1258,2
1350,2
1259,2
946,2
851,2
1300,2
1277,2
815,2
911,2
929,2
1344,2
850,2
1366,2
1450,2
1339,2
1563,2
1592,2
1496,2
1488,2
1296,2
1541,2
989,2
1239,2
1543,2
1321,2
1389,2
1481,2
1306,2
1472,2
1377,2
1108,2
889,2
1093,2
1536,2
1383,2
1267,2
1575,2
1125,2
1484,2
833,2
1173,2
1060,2
838,2
1457,2
1341,2
806,2
988,2
1243,2
1522,2
1348,2
837,2
1459,2
1409,2
1046,2
901,2
1549,2
1302,2
1293,2
1011,2
922,2
995,2
1437,2
1492,2
1364,2
1071,2
1169,2
1438,2
1249,2
1516,2
1555,2
915,2
1394,2
848,2
1154,2
890,2
1461,2
1276,2
948,2
898,2
1150,2
1426,2
1127,2
854,2
954,2
1094,2
1372,2
1220,2
998,2
1218,2
1131,2
1018,2
822,2
1435,2
980,2
985,2
1050,2
1566,2
1140,2
1311,2
874,2
1193,2
1445,2
1595,2
972,2
1547,2
826,2
1034,2
1100,2
1369,2
1487,2
1144,2
1241,2
1466,2
1269,2
1347,2
1008,2
1179,2
1155,2
1319,2
973,2
1268,2
964,2
1180,2
920,2
1428,2
1051,2
1082,2
1056,2
1464,2
1427,2
1290,2
1033,2
1371,2
1307,2
1095,2
868,2
1115,2
1571,2
1452,2
1013,2
841,2
1418,2
1535,2
1006,2
958,2
1059,2
1534,2
1493,2
876,2
853,2
870,2
1326,2
1272,2
1497,2
1498,2
1385,2
1251,2
1587,2
805,2
1328,2
1064,2
1053,2
1222,2
1304,2
861,2
1090,2
1096,2
977,2
2520,3
2460,3
2806,3
2936,3
3171,3
2973,3
2675,3
2924,3
2978,3
2901,3
2863,3
3113,3
3075,3
3154,3
3021,3
3148,3
2677,3
2986,3
2684,3
3197,3
2405,3
2944,3
2489,3
3023,3
2516,3
3187,3
2726,3
2609,3
2558,3
3055,3
2775,3
2706,3
3027,3
2534,3
2525,3
2835,3
2661,3
3127,3
2776,3
2621,3
2701,3
3073,3
2816,3
2526,3
2442,3
3037,3
3175,3
2633,3
2861,3
2686,3
2521,3
2643,3
2624,3
2476,3
2636,3
3164,3
3006,3
2755,3
2446,3
2472,3
2537,3
2974,3
2770,3
2868,3
2638,3
3088,3
3138,3
2447,3
2617,3
3170,3
3074,3
2985,3
2466,3
3109,3
2471,3
2808,3
2540,3
2841,3
3051,3
3159,3
2600,3
2930,3
2528,3
2838,3
2997,3
2648,3
3069,3
3030,3
2823,3
2998,3
2871,3
3014,3
3056,3
2556,3
2495,3
2772,3
2515,3
2588,3
3026,3
2727,3
2756,3
2426,3
3099,3
2752,3
3083,3
2902,3
2953,3
2956,3
2893,3
3000,3
2493,3
2585,3
2828,3
3093,3
2519,3
3135,3
2860,3
2654,3
2586,3
2480,3
2976,3
2479,3
3139,3
2705,3
2545,3
3087,3
2483,3
3064,3
2794,3
2652,3
2870,3
2563,3
2560,3
2880,3
2800,3
3189,3
3017,3
3183,3
3050,3
2465,3
2539,3
2898,3
2731,3
2774,3
2738,3
2639,3
2615,3
2428,3
2737,3
2566,3
2614,3
2491,3
2718,3
2962,3
2437,3
2921,3
2941,3
2427,3
3079,3
2934,3
2518,3
2849,3
2410,3
2637,3
2610,3
3122,3
2435,3
2948,3
2620,3
2485,3
2605,3
2587,3
2630,3
3108,3
2957,3
2970,3
2950,3
2632,3
2550,3
2653,3
2884,3
2490,3
2527,3
2960,3
3118,3
2852,3
2571,3
2918,3
2905,3
2847,3
2512,3
2660,3
2513,3
3142,3
3072,3
3034,3
3198,3
2724,3
2834,3
2443,3
2457,3
2687,3
2804,3
2754,3
3065,3
2729,3
2980,3
2866,3
2663,3
3035,3
2670,3
3018,3
2814,3
3196,3
2564,3
2787,3
2928,3
2940,3
3145,3
2455,3
2494,3
2504,3
2432,3
2791,3
2656,3
2782,3
3103,3
3068,3
3117,3
2582,3
2773,3
2658,3
2461,3
2657,3
2522,3
2665,3
2529,3
2999,3
2577,3
2723,3
3133,3
3059,3
3174,3
2404,3
2822,3
2644,3
2969,3
2945,3
2458,3
2954,3
2741,3
3163,3
2454,3
2622,3
2906,3
2473,3
2979,3
2761,3
3153,3
2802,3
2441,3
2762,3
2811,3
2931,3
2456,3
2907,3
2401,3
2549,3
2619,3
3185,3
2452,3
2929,3
2833,3
3125,3
3039,3
2440,3
3040,3
3101,3
2625,3
2557,3
2876,3
2532,3
2662,3
2711,3
3033,3
3107,3
2508,3
2878,3
2967,3
3111,3
3084,3
2419,3
2765,3
2592,3
2607,3
2640,3
3144,3
2707,3
2958,3
2552,3
2949,3
3150,3
2785,3
2881,3
3020,3
3013,3
2790,3
2712,3
2551,3
2819,3
2646,3
2771,3
2536,3
2559,3
2666,3
2462,3
2952,3
2951,3
3097,3
2993,3
3096,3
3028,3
2792,3
2423,3
3151,3
2647,3
2498,3
2451,3
2913,3
2699,3
2416,3
2581,3
2484,3
2857,3
3091,3
2629,3
2669,3
2547,3
3044,3
2594,3
3036,3
2996,3
2968,3
2864,3
2839,3
2541,3
2789,3
2894,3
2685,3
2567,3
2874,3
2991,3
2722,3
2468,3
2568,3
3043,3
2810,3
2853,3
3158,3
3155,3
2589,3
2470,3
2695,3
2463,3
2591,3
3063,3
3015,3
2972,3
2935,3
2544,3
3104,3
2919,3
3129,3
2912,3
3188,3
2883,3
3130,3
2604,3
2708,3
2846,3
2406,3
2543,3
2688,3
2744,3
3082,3
2598,3
2499,3
3173,3
2618,3
2987,3
2628,3
2767,3
2994,3
3178,3
2570,3
2626,3
3152,3
2963,3
3078,3
2606,3
2859,3
3200,3
2612,3
3057,3
3126,3
2430,3
3190,3
2611,3
2983,3
2634,3
3004,3
3060,3
2778,3
2889,3
2429,3
3089,3
3132,3
2740,3
2927,3
2780,3
2524,3
2764,3
2743,3
2916,3
3194,3
2674,3
3005,3
2561,3
2826,3
2510,3
2867,3
3052,3
2895,3
3003,3
2748,3
2910,3
3106,3
2937,3
2459,3
2786,3
2799,3
2450,3
2842,3
2746,3
2407,3
2502,3
3116,3
3094,3
2982,3
2477,3
3002,3
2414,3
2900,3
2959,3
3098,3
2433,3
2554,3
2750,3
2500,3
2599,3
2482,3
2411,3
2692,3
3009,3
2678,3
2984,3
3042,3
2971,3
2424,3
2783,3
2827,3
3112,3
2805,3
2988,3
2735,3
2769,3
2759,3
2481,3
3100,3
3149,3
3156,3
2966,3
2409,3
2888,3
3011,3
2642,3
2777,3
2572,3
3184,3
2753,3
2896,3
2402,3
2899,3
3049,3
3041,3
3019,3
2784,3
2531,3
3062,3
3136,3
2538,3
2608,3
2793,3
2497,3
3024,3
3114,3
2595,3
2840,3
3182,3
2848,3
3119,3
2579,3
2704,3
2885,3
2716,3
2882,3
3179,3
3012,3
3086,3
2575,3
2627,3
2569,3
2854,3
2664,3
2758,3
2681,3
2977,3
2817,3
3071,3
2836,3
2886,3
2631,3
3186,3
2700,3
3031,3
2469,3
2730,3
3160,3
2667,3
3066,3
3085,3
3192,3
3095,3
2714,3
2812,3
2779,3
2533,3
2788,3
2548,3
2464,3
2843,3
2680,3
3147,3
2781,3
2862,3
2766,3
2736,3
3137,3
2933,3
2420,3
2923,3
2425,3
2501,3
2417,3
2448,3
2517,3
2797,3
2574,3
2655,3
2505,3
2734,3
2728,3
3008,3
2488,3
2650,3
2535,3
2955,3
3110,3
2590,3
2478,3
2865,3
3053,3
2992,3
2682,3
3010,3
2486,3
2445,3
3061,3
2825,3
2453,3
2696,3
2635,3
2818,3
2995,3
2651,3
2645,3
2703,3
3123,3
3120,3
2891,3
3081,3
3165,3
2506,3
2616,3
2710,3
3195,3
3048,3
2679,3
2418,3
3046,3
2890,3
2796,3
2439,3
2813,3
2583,3
3121,3
2845,3
2751,3
2911,3
2691,3
2613,3
2671,3
2555,3
2904,3
2856,3
2676,3
3181,3
2444,3
2694,3
2576,3
2763,3
2742,3
3076,3
2920,3
2542,3
2897,3
3077,3
3162,3
2690,3
3045,3
2831,3
3115,3
2496,3
2689,3
2914,3
2717,3
2412,3
2768,3
2584,3
2807,3
2546,3
2990,3
2713,3
2475,3
2926,3
2858,3
2947,3
2932,3
3054,3
2422,3
3134,3
2511,3
3007,3
2492,3
3169,3
2820,3
2909,3
2875,3
2514,3
2733,3
2449,3
2915,3
2829,3
3090,3
3029,3
2942,3
2745,3
2597,3
2487,3
2623,3
3166,3
2659,3
2709,3
2832,3
2877,3
2809,3
2739,3
2523,3
2844,3
2824,3
3025,3
2837,3
2757,3
2873,3
2573,3
2415,3
2964,3
3193,3
2851,3
3168,3
3167,3
2403,3
2719,3
2989,3
2503,3
2649,3
2408,3
2749,3
3141,3
2467,3
3038,3
2693,3
3177,3
2850,3
3058,3
2798,3
2530,3
2668,3
2760,3
2603,3
2715,3
3199,3
2946,3
2830,3
3047,3
3191,3
2562,3
2925,3
2421,3
2580,3
2801,3
2943,3
3080,3
2938,3
2593,3
2815,3
2702,3
2431,3
2803,3
2509,3
3124,3
3143,3
2683,3
3180,3
3016,3
3102,3
2474,3
2939,3
2922,3
2879,3
2507,3
2855,3
2602,3
2908,3
2872,3
2732,3
2601,3
2438,3
2596,3
2672,3
3022,3
2887,3
3157,3
2892,3
3176,3
2578,3
3092,3
3067,3
2720,3
2821,3
3131,3
2869,3
2553,3
2721,3
3001,3
3140,3
3032,3
2747,3
2965,3
2641,3
2698,3
3105,3
3161,3
2434,3
2981,3
2917,3
2903,3
2673,3
2697,3
3070,3
2725,3
2961,3
2413,3
2565,3
3172,3
3146,3
2436,3
2795,3
2975,3
2198,4
2264,4
1741,4
2158,4
1639,4
2036,4
2295,4
1682,4
1642,4
1885,4
2206,4
2394,4
1858,4
1673,4
2396,4
1787,4
2152,4
1930,4
1640,4
2286,4
2226,4
2060,4
2338,4
1691,4
2315,4
2107,4
1920,4
2382,4
2352,4
1763,4
1623,4
2127,4
1630,4
1721,4
2133,4
2319,4
1633,4
2019,4
1850,4
1789,4
1677,4
2331,4
2080,4
2379,4
1801,4
2347,4
2370,4
2053,4
2175,4
1740,4
2084,4
2268,4
2037,4
1766,4
1964,4
2290,4
1808,4
1989,4
2082,4
1948,4
1664,4
1629,4
1966,4
1894,4
2210,4
2039,4
2048,4
2017,4
1899,4
1914,4
1701,4
1694,4
1717,4
2325,4
1921,4
1686,4
2191,4
2296,4
2220,4
2105,4
2122,4
2353,4
2383,4
2343,4
1715,4
1697,4
1608,4
1951,4
2061,4
1835,4
1799,4
2014,4
2223,4
2346,4
1773,4
2150,4
2118,4
2400,4
2029,4
1986,4
1729,4
1814,4
2013,4
2166,4
2213,4
2159,4
1752,4
2038,4
1970,4
1932,4
1794,4
1843,4
2280,4
1755,4
1897,4
2093,4
1788,4
1690,4
1847,4
2056,4
1928,4
2278,4
2008,4
2074,4
1744,4
2248,4
1618,4
2068,4
1667,4
1614,4
1670,4
2265,4
1706,4
2362,4
1708,4
1774,4
1817,4
2181,4
2009,4
2293,4
2345,4
1775,4
1940,4
1745,4
2380,4
2285,4
2308,4
2004,4
1937,4
2161,4
2397,4
2258,4
1705,4
2372,4
2066,4
2104,4
1780,4
2153,4
2119,4
2236,4
2077,4
2164,4
1824,4
1993,4
2185,4
2292,4
2113,4
2356,4
2392,4
2085,4
1890,4
2022,4
1841,4
1720,4
1621,4
2172,4
1922,4
1968,4
1915,4
1719,4
1860,4
1967,4
1927,4
2204,4
1895,4
1722,4
1822,4
1853,4
1943,4
2016,4
2294,4
1653,4
2229,4
1946,4
2140,4
2309,4
1866,4
1959,4
2298,4
2250,4
1652,4
2079,4
1724,4
1836,4
2200,4
1685,4
1976,4
1725,4
2144,4
1738,4
1662,4
1632,4
2035,4
1802,4
1812,4
2235,4
1615,4
1657,4
1703,4
1651,4
1612,4
1732,4
2363,4
2155,4
2216,4
2083,4
1607,4
2115,4
1996,4
2171,4
1900,4
2142,4
1857,4
1929,4
2389,4
1884,4
2151,4
1882,4
1659,4
2330,4
1759,4
2348,4
1854,4
2234,4
1617,4
2072,4
2324,4
1977,4
2067,4
2015,4
2025,4
1873,4
2251,4
2399,4
2270,4
2219,4
2246,4
1871,4
1661,4
1823,4
2364,4
2174,4
1680,4
2313,4
2069,4
2076,4
2041,4
2070,4
1924,4
1636,4
2094,4
1834,4
2333,4
2147,4
2320,4
1693,4
2312,4
1728,4
2350,4
1736,4
2359,4
2145,4
2100,4
2167,4
2335,4
1776,4
1945,4
1804,4
1718,4
1978,4
1796,4
1649,4
1674,4
2232,4
1926,4
2201,4
1875,4
1933,4
1643,4
2241,4
1991,4
2177,4
2305,4
2307,4
1619,4
2245,4
1606,4
2384,4
1656,4
1779,4
2218,4
2065,4
1628,4
2260,4
1985,4
1707,4
2156,4
2192,4
2101,4
2184,4
1877,4
1923,4
1645,4
2339,4
1762,4
1616,4
1851,4
1603,4
2256,4
1810,4
1876,4
2103,4
2006,4
1739,4
1695,4
2342,4
2114,4
2099,4
1700,4
1904,4
2263,4
1830,4
1913,4
1675,4
2244,4
2196,4
1676,4
2026,4
1995,4
1889,4
1865,4
1973,4
2044,4
1832,4
2314,4
2267,4
2224,4
1944,4
1704,4
1982,4
2390,4
2109,4
2282,4
2288,4
2088,4
1979,4
1952,4
1648,4
2007,4
1935,4
1709,4
2138,4
1811,4
2180,4
2197,4
2057,4
1819,4
1901,4
1613,4
1896,4
1886,4
2141,4
2306,4
2089,4
2117,4
2124,4
2002,4
1906,4
1605,4
1637,4
1672,4
2269,4
1716,4
1634,4
2376,4
2195,4
2154,4
1678,4
1868,4
2276,4
2340,4
1855,4
1783,4
2262,4
1620,4
2351,4
2327,4
1907,4
2055,4
2049,4
1746,4
1883,4
2233,4
2254,4
1730,4
2344,4
2253,4
1934,4
1856,4
2125,4
2358,4
1669,4
1771,4
1917,4
2304,4
1958,4
1971,4
2243,4
1767,4
2064,4
2334,4
2078,4
1869,4
1961,4
2212,4
2361,4
1646,4
2205,4
2388,4
1748,4
2240,4
1905,4
2028,4
2231,4
2273,4
1747,4
2279,4
1954,4
2106,4
2189,4
2139,4
2203,4
1658,4
2137,4
1931,4
1726,4
1965,4
2131,4
2214,4
2252,4
1797,4
1908,4
2302,4
2062,4
2238,4
1863,4
2395,4
2217,4
2255,4
2311,4
1953,4
1714,4
2045,4
2031,4
1666,4
1963,4
2179,4
2249,4
2369,4
1974,4
1793,4
1698,4
1710,4
1988,4
1829,4
2096,4
1833,4
1611,4
2202,4
1997,4
1624,4
2239,4
2277,4
1757,4
2178,4
2043,4
1631,4
2393,4
2391,4
1770,4
1807,4
2283,4
1942,4
2301,4
1758,4
2275,4
2163,4
1681,4
2123,4
1764,4
1837,4
1888,4
1750,4
2398,4
2030,4
1957,4
2128,4
2381,4
1813,4
2170,4
1711,4
1792,4
2063,4
2193,4
1803,4
2092,4
1798,4
2378,4
2116,4
2355,4
2051,4
2059,4
1809,4
2287,4
2120,4
1647,4
1777,4
2050,4
2261,4
1683,4
1987,4
1743,4
2098,4
1687,4
2149,4
2073,4
2040,4
1800,4
1981,4
1786,4
2368,4
2271,4
1602,4
1820,4
1663,4
1604,4
2373,4
1990,4
1712,4
1898,4
2034,4
1769,4
2126,4
2299,4
2321,4
1754,4
1848,4
2209,4
2086,4
1626,4
1713,4
2112,4
2188,4
1641,4
1984,4
2033,4
1827,4
1815,4
1696,4
1735,4
2387,4
1671,4
1975,4
2360,4
1941,4
2052,4
1665,4
1644,4
1785,4
2230,4
2001,4
2027,4
2207,4
1610,4
1879,4
1737,4
1684,4
1654,4
1702,4
1784,4
2090,4
2047,4
2183,4
1999,4
2317,4
2316,4
1874,4
1749,4
1972,4
2134,4
1635,4
2215,4
1679,4
1956,4
2357,4
1998,4
1668,4
2003,4
2366,4
2129,4
2208,4
1795,4
2173,4
1638,4
2143,4
1772,4
2310,4
1870,4
2071,4
2087,4
2176,4
2102,4
1688,4
1655,4
2182,4
2274,4
2146,4
1826,4
1864,4
2157,4
1622,4
2136,4
2108,4
1881,4
2148,4
1699,4
2266,4
2190,4
1790,4
2121,4
1912,4
2354,4
1831,4
2160,4
1821,4
2168,4
1992,4
1805,4
1791,4
1938,4
2375,4
2130,4
2297,4
1828,4
2281,4
1768,4
2257,4
1625,4
1878,4
1782,4
2169,4
1844,4
1806,4
1859,4
1753,4
1761,4
2365,4
2367,4
2341,4
2110,4
1849,4
1692,4
1969,4
1950,4
1778,4
1893,4
2377,4
2318,4
1949,4
1910,4
2024,4
1601,4
1660,4
1846,4
1947,4
1845,4
1852,4
1916,4
2221,4
1818,4
2020,4
1936,4
1727,4
1816,4
1880,4
2012,4
1911,4
2326,4
2300,4
2097,4
1887,4
1872,4
2162,4
2332,4
2081,4
2259,4
2032,4
2135,4
2237,4
1765,4
2385,4
2225,4
1919,4
2242,4
1825,4
1723,4
1861,4
2337,4
2336,4
1955,4
1983,4
2371,4
2349,4
1733,4
1781,4
1891,4
1842,4
1751,4
1867,4
2095,4
1760,4
2058,4
2018,4
1902,4
2323,4
2303,4
1689,4
2165,4
1731,4
2021,4
2042,4
2222,4
2132,4
2187,4
1840,4
2272,4
1862,4
2211,4
1909,4
2228,4
1980,4
2046,4
1756,4
2011,4
2199,4
1994,4
2322,4
1627,4
1650,4
2054,4
1903,4
1925,4
1609,4
1962,4
2075,4
2374,4
2328,4
1892,4
2247,4
2010,4
2386,4
1838,4
2284,4
2000,4
1960,4
2227,4
2186,4
1734,4
2329,4
2289,4
2023,4
2005,4
2291,4
1742,4
1918,4
2194,4
1939,4
1839,4
2091,4
2111,4
3567,5
3689,5
3797,5
3655,5
3820,5
3368,5
3853,5
3669,5
3958,5
3438,5
3514,5
3597,5
3970,5
3925,5
3895,5
3408,5
3798,5
3223,5
3415,5
3837,5
3320,5
3690,5
3589,5
3827,5
3452,5
3447,5
3857,5
3933,5
3512,5
3934,5
3839,5
3482,5
3571,5
3231,5
3740,5
3743,5
3830,5
3326,5
3489,5
3985,5
3906,5
3617,5
3559,5
3519,5
3892,5
3596,5
3298,5
3466,5
3737,5
3330,5
3890,5
3714,5
3929,5
3768,5
3276,5
3997,5
3875,5
3278,5
3367,5
3977,5
3626,5
3993,5
3887,5
3858,5
3603,5
3817,5
3283,5
3972,5
3250,5
3402,5
3507,5
3632,5
3873,5
3856,5
3202,5
3709,5
3380,5
3604,5
3272,5
3742,5
3365,5
3826,5
3821,5
3293,5
3238,5
3487,5
3949,5
3773,5
3802,5
3420,5
3247,5
3739,5
3450,5
3698,5
3375,5
3983,5
3335,5
3673,5
3295,5
3542,5
3535,5
3426,5
3413,5
3962,5
3590,5
3979,5
3523,5
3864,5
3947,5
3556,5
3785,5
3754,5
3685,5
3995,5
3304,5
3799,5
3224,5
3513,5
3957,5
3397,5
3860,5
3760,5
3493,5
3998,5
3568,5
3219,5
3877,5
3924,5
3480,5
3286,5
3258,5
3385,5
3665,5
3973,5
3254,5
3907,5
3705,5
3233,5
3251,5
3422,5
3544,5
3668,5
3203,5
3808,5
3850,5
3891,5
3406,5
3565,5
3749,5
3579,5
3757,5
3525,5
3297,5
3229,5
3510,5
3602,5
3455,5
3383,5
3699,5
3767,5
3543,5
3528,5
3730,5
3974,5
3526,5
3648,5
3992,5
3701,5
3951,5
3505,5
3442,5
3521,5
3954,5
3515,5
3440,5
3401,5
3374,5
3611,5
3333,5
3239,5
3376,5
3831,5
3456,5
3936,5
3790,5
3728,5
3814,5
3619,5
3637,5
3242,5
3289,5
3509,5
3532,5
3707,5
3695,5
3664,5
3500,5
3606,5
3303,5
3346,5
3667,5
3578,5
3294,5
3851,5
3301,5
3755,5
3615,5
3894,5
3573,5
3618,5
3572,5
3435,5
3457,5
3845,5
3841,5
3508,5
3931,5
3815,5
3551,5
3540,5
3900,5
3828,5
3658,5
3300,5
3927,5
3245,5
3471,5
3259,5
3268,5
3379,5
3899,5
3518,5
3594,5
3246,5
3788,5
3478,5
3437,5
3431,5
3436,5
3846,5
3475,5
3816,5
3682,5
3582,5
3541,5
3965,5
3588,5
3981,5
3896,5
3312,5
3530,5
3994,5
3967,5
3443,5
3662,5
3863,5
3674,5
3670,5
3454,5
3889,5
3885,5
3608,5
3633,5
3854,5
3340,5
3627,5
3724,5
3416,5
3910,5
3806,5
3696,5
3748,5
3586,5
3531,5
3870,5
3354,5
3344,5
3270,5
3735,5
3434,5
3564,5
3352,5
3332,5
3273,5
3221,5
3317,5
3370,5
3534,5
3550,5
3702,5
3888,5
3961,5
3215,5
3265,5
3497,5
3483,5
3446,5
3688,5
3208,5
3999,5
3255,5
3810,5
4000,5
3324,5
3281,5
3706,5
3218,5
3364,5
3566,5
3600,5
3641,5
3234,5
3421,5
3945,5
3710,5
3693,5
3217,5
3654,5
3474,5
3874,5
3448,5
3522,5
3930,5
3569,5
3395,5
3570,5
3621,5
3990,5
3823,5
3756,5
3260,5
3577,5
3485,5
3920,5
3593,5
3470,5
3634,5
3838,5
3786,5
3635,5
3966,5
3778,5
3222,5
3938,5
3334,5
3252,5
3292,5
3529,5
3313,5
3861,5
3423,5
3747,5
3751,5
3734,5
3694,5
3883,5
3780,5
3836,5
3266,5
3248,5
3991,5
3226,5
3211,5
3649,5
3607,5
3405,5
3678,5
3407,5
3716,5
3461,5
3775,5
3647,5
3657,5
3868,5
3398,5
3752,5
3329,5
3348,5
3351,5
3679,5
3733,5
3490,5
3897,5
3441,5
3849,5
3964,5
3616,5
3451,5
3681,5
3905,5
3271,5
3216,5
3792,5
3562,5
3314,5
3986,5
3803,5
3791,5
3583,5
3978,5
3504,5
3237,5
3948,5
3308,5
3347,5
3659,5
3908,5
3403,5
3417,5
3942,5
3288,5
3373,5
3898,5
3787,5
3996,5
3959,5
3545,5
3463,5
3911,5
3538,5
3517,5
3656,5
3723,5
3764,5
3880,5
3944,5
3813,5
3989,5
3209,5
3280,5
3390,5
3886,5
3784,5
3299,5
3439,5
3476,5
3393,5
3492,5
3392,5
3943,5
3477,5
3411,5
3520,5
3363,5
3847,5
3640,5
3628,5
3721,5
3921,5
3805,5
3472,5
3713,5
3677,5
3862,5
3205,5
3343,5
3793,5
3595,5
3388,5
3960,5
3547,5
3769,5
3319,5
3264,5
3516,5
3718,5
3766,5
3779,5
3382,5
3722,5
3676,5
3918,5
3955,5
3774,5
3585,5
3717,5
3409,5
3675,5
3987,5
3338,5
3932,5
3356,5
3738,5
3917,5
3732,5
3378,5
3262,5
3362,5
3666,5
3629,5
3941,5
3937,5
3336,5
3762,5
3249,5
3491,5
3592,5
3414,5
3391,5
3210,5
3424,5
3903,5
3645,5
3840,5
3963,5
3269,5
3639,5
3913,5
3859,5
3302,5
3498,5
3976,5
3575,5
3527,5
3876,5
3650,5
3671,5
3672,5
3686,5
3552,5
3796,5
3554,5
3881,5
3359,5
3459,5
3296,5
3277,5
3653,5
3274,5
3625,5
3719,5
3279,5
3638,5
3953,5
3684,5
3469,5
3537,5
3636,5
3213,5
3307,5
3644,5
3882,5
3783,5
3729,5
3212,5
3386,5
3261,5
3736,5
3323,5
3206,5
3745,5
3630,5
3576,5
3703,5
3256,5
3464,5
3781,5
3763,5
3404,5
3236,5
3720,5
3331,5
3501,5
3750,5
3394,5
3584,5
3481,5
3884,5
3563,5
3866,5
3325,5
3878,5
3429,5
3807,5
3316,5
3923,5
3624,5
3445,5
3765,5
3610,5
3494,5
3389,5
3935,5
3241,5
3539,5
3801,5
3309,5
3852,5
3683,5
3982,5
3267,5
3969,5
3613,5
3777,5
3315,5
3204,5
3511,5
3872,5
3727,5
3904,5
3865,5
3939,5
3871,5
3680,5
3642,5
3419,5
3350,5
3708,5
3558,5
3879,5
3311,5
3631,5
3744,5
3318,5
3776,5
3620,5
3587,5
3549,5
3337,5
3214,5
3771,5
3235,5
3499,5
3612,5
3581,5
3663,5
3829,5
3928,5
3580,5
3741,5
3818,5
3574,5
3425,5
3484,5
3548,5
3909,5
3357,5
3902,5
3687,5
3353,5
3819,5
3506,5
3952,5
3609,5
3418,5
3503,5
3869,5
3321,5
3661,5
3257,5
3601,5
3546,5
3502,5
3980,5
3940,5
3533,5
3652,5
3536,5
3598,5
3322,5
3468,5
3614,5
3835,5
3339,5
3867,5
3926,5
3488,5
3832,5
3377,5
3285,5
3843,5
3287,5
3560,5
3956,5
3341,5
3291,5
3893,5
3396,5
3692,5
3327,5
3399,5
3968,5
3495,5
3244,5
3458,5
3804,5
3410,5
3444,5
3811,5
3465,5
3758,5
3225,5
3369,5
3305,5
3345,5
3427,5
3651,5
3712,5
3922,5
3412,5
3243,5
3711,5
3833,5
3496,5
3822,5
3704,5
3746,5
3623,5
3914,5
3358,5
3824,5
3855,5
3988,5
3460,5
3916,5
3761,5
3842,5
3228,5
3912,5
3220,5
3753,5
3984,5
3759,5
3715,5
3700,5
3342,5
3795,5
3646,5
3207,5
3800,5
3697,5
3432,5
3772,5
3553,5
3372,5
3384,5
3555,5
3950,5
3360,5
3290,5
3430,5
3825,5
3812,5
3919,5
3561,5
3361,5
3366,5
3263,5
3809,5
3282,5
3691,5
3901,5
3230,5
3557,5
3428,5
3486,5
3605,5
3844,5
3946,5
3770,5
3524,5
3725,5
3449,5
3400,5
3915,5
3731,5
3782,5
3789,5
3232,5
3387,5
3328,5
3467,5
3848,5
3349,5
3453,5
3975,5
3473,5
3643,5
3479,5
3371,5
3794,5
3971,5
3201,5
3306,5
3622,5
3381,5
3284,5
3834,5
3275,5
3253,5
3240,5
3310,5
3726,5
3660,5
3591,5
3599,5
3433,5
3462,5
3355,5
3227,5
