ID,Domain,Strength/skill expertise
1,3,3.5
10,4,5.9
100,4,9.6
1000,4,6.6
1001,2,7
1002,4,0.74
1003,3,3.4
1004,3,0.31
1005,1,9.7
1006,1,7.8
1007,2,0.66
1008,2,4.1
1009,4,2.8
101,3,5.7
1010,4,5.6
1011,2,7.3
1012,1,2.6
1013,2,2.2
1014,4,4.8
1015,3,8.9
1016,4,7
1017,3,6.1
1018,2,6.5
1019,4,8.3
102,4,5.3
1020,1,4.9
1021,2,4.1
1022,3,6.3
1023,3,5.8
1024,2,7.8
1025,4,5.8
1026,4,1.8
1027,2,1.4
1028,4,5.8
1029,2,1.5
103,4,4.9
1030,1,8.4
1031,3,1.3
1032,4,1.2
1033,4,4.4
1034,2,0.66
1035,4,3.4
1036,2,8.4
1037,4,8
1038,2,2.8
1039,2,1.4
104,2,7.1
1040,3,8.8
1041,2,3.4
1042,2,9.5
1043,4,1.3
1044,1,3.5
1045,3,5.5
1046,3,8.5
1047,2,0.75
1048,4,2
1049,4,1.7
105,1,4
1050,2,0.24
1051,3,5.9
1052,3,4.8
1053,4,9.9
1054,3,0.2
1055,4,8.8
1056,1,9.5
1057,4,3.5
1058,4,2
1059,1,8.2
106,1,4.6
1060,3,6.8
1061,4,6.4
1062,3,3
1063,4,0.96
1064,4,5.5
1065,2,6.2
1066,1,1.6
1067,2,4.6
1068,2,2.5
1069,2,2.8
107,2,5.7
1070,3,6.2
1071,4,2.2
1072,4,0.62
1073,4,3.1
1074,3,3.8
1075,1,7
1076,2,4.2
1077,2,4.7
1078,1,7.3
1079,2,0.039
108,3,7.1
1080,1,8.6
1081,4,1.6
1082,3,3.5
1083,4,7.4
1084,3,1.9
1085,3,8.6
1086,2,7.2
1087,2,5.1
1088,3,7.6
1089,1,4.1
109,4,8.8
1090,3,8.8
1091,1,6.5
1092,1,7.4
1093,4,1.5
1094,1,1.2
1095,4,3.6
1096,1,2.5
1097,4,0.36
1098,2,3.3
1099,2,3.3
11,4,4.8
110,3,4.7
1100,3,7.4
1101,3,5.4
1102,1,3
1103,2,7.7
1104,4,2.4
1105,3,9.2
1106,3,9.9
1107,2,4.1
1108,4,4.3
1109,4,0.53
111,1,7.2
1110,3,2.6
1111,4,4.5
1112,2,5.3
1113,4,3.1
1114,2,8.8
1115,1,8.1
1116,2,1
1117,4,4
1118,2,2.8
1119,4,3.3
112,2,0.69
1120,2,7.5
1121,2,4.7
1122,1,3.3
1123,3,7.1
1124,1,0.73
1125,3,2.8
1126,3,0.076
1127,4,9.9
1128,2,1.8
1129,3,9.1
113,3,9.7
1130,3,0.57
1131,4,0.23
1132,1,0.17
1133,3,2.1
1134,4,0.42
1135,3,7.5
1136,4,2.6
1137,4,0.96
1138,4,3.4
1139,4,6.6
114,4,3.7
1140,3,8.7
1141,2,3.3
1142,1,4.3
1143,1,9.1
1144,3,9.2
1145,3,3.2
1146,4,7.9
1147,3,2.4
1148,1,1.8
1149,1,0.19
115,4,0.14
1150,4,1.2
1151,1,8.8
1152,1,7
1153,1,3.9
1154,3,2.7
1155,2,6.2
1156,1,5.9
1157,3,9.8
1158,3,2.4
1159,2,6.7
116,3,5.8
1160,3,2.1
1161,2,4.8
1162,4,5.3
1163,3,3.7
1164,1,5.9
1165,2,0.5
1166,1,6.5
1167,1,5.7
1168,3,1.2
1169,1,7.3
117,4,5.3
1170,2,9.9
1171,3,8.3
1172,3,1.3
1173,3,1.4
1174,3,3.8
1175,4,3.5
1176,1,0.84
1177,4,3.6
1178,1,5.2
1179,3,7.2
118,1,5.6
1180,2,2.3
1181,1,9.5
1182,3,0.024
1183,4,8.4
1184,1,1.6
1185,1,3
1186,1,5.9
1187,2,6.8
1188,3,8.1
1189,3,2.1
119,1,0.31
1190,1,1.6
1191,4,0.58
1192,2,8.7
1193,3,8.8
1194,1,2
1195,1,0.58
1196,3,4.3
1197,3,8.9
1198,3,2.4
1199,1,5.8
12,2,1.7
120,2,2.9
1200,1,9.1
1201,4,1.3
1202,1,9.3
1203,1,0.56
1204,2,0.81
1205,1,8.4
1206,1,5.8
1207,4,1.3
1208,3,3.5
1209,2,0.053
121,2,3.9
1210,4,2.5
1211,4,8.8
1212,4,6.8
1213,4,1.8
1214,1,1.5
1215,1,7.3
1216,4,9.6
1217,1,1.5
1218,4,1.8
1219,3,6.2
122,2,6.5
1220,3,4.9
1221,3,1.9
1222,1,9.5
1223,2,0.031
1224,1,4.8
1225,4,9.2
1226,3,7.5
1227,3,6.3
1228,2,1.8
1229,1,0.97
123,2,0.16
1230,4,5.7
1231,2,4.8
1232,3,8.7
1233,1,8.2
1234,1,3.2
1235,4,9.8
1236,2,1.2
1237,4,5.7
1238,3,4.2
1239,4,2.9
124,2,2.7
1240,3,9.6
1241,4,8
1242,2,8.4
1243,2,8.5
1244,4,7.4
1245,3,0.22
1246,4,5.6
1247,4,2.6
1248,3,2.4
1249,2,0.22
125,3,3.9
1250,1,4.2
1251,4,3.9
1252,2,7.7
1253,4,4.2
1254,3,5.1
1255,3,8.9
1256,2,2
1257,3,2.5
1258,4,5.6
1259,3,2.9
126,3,6.5
1260,3,1.1
1261,1,0.85
1262,2,1.4
1263,2,6.6
1264,3,2.4
1265,2,6.3
1266,1,7.5
1267,1,4.8
1268,2,2
1269,3,1.3
127,3,5
1270,1,5
1271,1,9.9
1272,2,0.061
1273,2,9.2
1274,4,8.4
1275,4,7.3
1276,1,9.3
1277,4,5.1
1278,2,9
1279,2,1.5
128,2,5.9
1280,2,6
1281,1,4.6
1282,2,3.3
1283,2,4.1
1284,3,6.8
1285,4,2.3
1286,1,7.1
1287,3,7.1
1288,1,5.5
1289,4,6.9
129,3,1.9
1290,1,6.6
1291,4,0.93
1292,3,7.4
1293,2,3.7
1294,4,7.7
1295,1,4.8
1296,4,7.6
1297,3,6.3
1298,2,2.7
1299,2,1.1
13,1,6.1
130,2,6.8
1300,4,2.8
1301,1,1.9
1302,3,6
1303,2,8.2
1304,2,9.1
1305,2,2.4
1306,4,8.2
1307,2,7
1308,2,9.8
1309,2,0.15
131,4,6.3
1310,1,1.3
1311,2,1.9
1312,4,8
1313,3,8.7
1314,3,8.8
1315,1,6
1316,1,1.9
1317,2,1.9
1318,3,6.8
1319,3,2.6
132,4,1.1
1320,1,5.1
1321,4,1.9
1322,2,1
1323,3,0.84
1324,4,5
1325,2,2.4
1326,1,5.2
1327,2,0.75
1328,3,4.4
1329,1,3.6
133,3,3.2
1330,4,1.1
1331,4,8.5
1332,3,8.1
1333,2,6.1
1334,1,0.42
1335,2,4.7
1336,2,9.7
1337,1,4.8
1338,4,9.8
1339,2,5.6
134,3,9.7
1340,3,2.2
1341,2,6.6
1342,4,5.1
1343,4,0.31
1344,2,7.4
1345,3,1.3
1346,3,0.34
1347,2,8.1
1348,3,9.9
1349,2,5.8
135,4,6
1350,4,9.7
1351,3,7.7
1352,3,6.6
1353,3,8
1354,4,3.6
1355,3,5.5
1356,1,9.5
1357,3,10
1358,1,1.3
1359,4,6.1
136,4,6.5
1360,3,8.4
1361,1,0.65
1362,1,8.8
1363,2,3
1364,4,5.9
1365,4,0.77
1366,3,1.8
1367,1,5.5
1368,2,9
1369,1,8.4
137,3,7.2
1370,1,8.6
1371,4,9.8
1372,2,4.7
1373,4,9.7
1374,2,6.4
1375,1,3.8
1376,2,3.1
1377,4,6.5
1378,4,4.3
1379,3,3.4
138,1,3.2
1380,4,2.7
1381,1,9.6
1382,3,3.1
1383,1,8.6
1384,3,0.054
1385,1,6.1
1386,1,5.2
1387,1,0.53
1388,3,6.9
1389,3,4.4
139,4,5.3
1390,1,6.5
1391,1,1.5
1392,4,0.78
1393,2,4.4
1394,2,8.4
1395,4,6.6
1396,4,8.8
1397,1,1.5
1398,3,8.9
1399,1,4.5
14,2,5.2
140,2,5.4
1400,4,5.9
1401,1,3
1402,2,5.9
1403,2,7.9
1404,4,5.1
1405,1,7.6
1406,4,6.6
1407,3,0.98
1408,2,4.1
1409,3,3.8
141,1,6.9
1410,4,9.2
1411,2,5.3
1412,3,1.2
1413,2,9.1
1414,3,5.5
1415,2,1.6
1416,4,9.4
1417,1,4.5
1418,4,3.7
1419,1,3.9
142,1,5.5
1420,2,9.5
1421,3,7.3
1422,2,0.67
1423,4,7.9
1424,2,3.5
1425,3,8.5
1426,3,3.9
1427,2,3.4
1428,1,2.6
1429,1,5.6
143,2,1.8
1430,4,4.7
1431,4,2.2
1432,1,0.26
1433,3,0.13
1434,2,4.1
1435,1,8.9
1436,1,2.8
1437,1,3.9
1438,3,5.6
1439,3,1.7
144,1,2.2
1440,4,0.73
1441,1,9.3
1442,1,4.3
1443,3,4.2
1444,1,2.5
1445,2,3.1
1446,4,1.4
1447,4,6.7
1448,3,4.9
1449,3,7.8
145,1,9.9
1450,2,1.4
1451,2,6.4
1452,4,6.1
1453,2,9.1
1454,2,2.7
1455,2,1.2
1456,3,7.1
1457,1,9.9
1458,1,1.1
1459,4,5.4
146,4,10
1460,3,0.99
1461,3,0.24
1462,2,6.8
1463,3,2.6
1464,1,0.3
1465,3,3.8
1466,3,8.3
1467,4,1.9
1468,2,6.2
1469,4,1.6
147,4,0.97
1470,3,1.6
1471,4,7.7
1472,2,6.8
1473,2,8.3
1474,1,9
1475,4,8.7
1476,1,9.8
1477,4,0.15
1478,3,9.8
1479,1,2.6
148,2,2.3
1480,1,6.6
1481,4,1.9
1482,4,7.7
1483,1,7.8
1484,3,6.1
1485,2,5.9
1486,1,1.2
1487,2,6.8
1488,3,3.3
1489,2,7.3
149,3,4
1490,3,3.4
1491,2,9.1
1492,3,4.1
1493,2,3.7
1494,2,1.2
1495,4,7.6
1496,4,0.55
1497,4,6.1
1498,1,0.34
1499,1,7.7
15,3,8.1
150,4,3.7
1500,4,0.9
1501,1,6.5
1502,3,9.4
1503,2,4.3
1504,3,7.2
1505,1,5
1506,3,8.9
1507,4,0.075
1508,4,1.5
1509,4,4.2
151,4,3.7
1510,2,8.9
1511,3,0.25
1512,2,5.6
1513,4,4.2
1514,1,3.1
1515,3,1.2
1516,4,9.2
1517,2,5.1
1518,1,8.3
1519,1,6.3
152,2,2.9
1520,2,8.8
1521,3,0.37
1522,3,2.4
1523,2,3.3
1524,3,0.036
1525,1,1.1
1526,1,9.3
1527,1,3
1528,1,9.3
1529,2,1.2
153,4,7.9
1530,4,3.2
1531,1,9.9
1532,2,4.4
1533,3,5
1534,1,3.9
1535,3,4
1536,4,6
1537,2,3.1
1538,4,6.5
1539,1,1.9
154,3,2.9
1540,4,4.8
1541,2,0.3
1542,1,9.3
1543,4,4
1544,3,0.27
1545,1,5.9
1546,4,2.1
1547,2,9.6
1548,4,1.7
1549,1,3.9
155,1,5.3
1550,3,7.1
1551,3,2.3
1552,3,0.83
1553,2,5.8
1554,2,2.2
1555,2,0.85
1556,4,1.7
1557,2,3.7
1558,2,7.6
1559,4,1.9
156,3,5.9
1560,2,2.9
1561,4,3.4
1562,2,0.94
1563,2,9.8
1564,4,6.1
1565,3,7.7
1566,1,0.12
1567,1,8.1
1568,1,6.7
1569,4,5.6
157,2,3
1570,4,3.6
1571,4,4.6
1572,3,3.2
1573,1,2.1
1574,4,5.8
1575,4,6.9
1576,1,1.9
1577,4,7.6
1578,3,7
1579,1,6.9
158,3,9.2
1580,4,6.1
1581,3,1.3
1582,3,5.1
1583,3,7.5
1584,1,4.7
1585,2,9.3
1586,2,2.5
1587,3,8.6
1588,4,3.9
1589,4,5.5
159,1,6.6
1590,3,3.1
1591,1,6.7
1592,1,9.8
1593,3,1.3
1594,3,1.6
1595,3,1.1
1596,2,7.9
1597,4,2.7
1598,1,2.3
1599,4,4.8
16,2,7.6
160,1,8.3
1600,1,9.9
1601,2,3.8
1602,3,6.1
1603,2,1.1
1604,3,3.3
1605,2,5.1
1606,2,1.8
1607,2,2.6
1608,4,7.7
1609,1,0.33
161,2,8.7
1610,4,4.3
1611,1,9.8
1612,4,7.8
1613,4,4.6
1614,4,7.5
1615,2,4.7
1616,1,2.6
1617,4,3.9
1618,3,5.9
1619,3,1.7
162,3,2.4
1620,3,2.9
1621,2,8.3
1622,3,7
1623,1,9.1
1624,4,9.3
1625,3,1.5
1626,4,3.5
1627,3,3.2
1628,4,3.2
1629,1,6.2
163,3,5.1
1630,3,3.5
1631,1,2.7
1632,4,7.9
1633,1,9.8
1634,1,5.8
1635,1,3.8
1636,4,3.6
1637,1,1.1
1638,3,2.5
1639,1,8.4
164,2,6.4
1640,1,0.13
1641,1,5.8
1642,3,8.8
1643,4,9
1644,2,4.7
1645,2,1.8
1646,1,2
1647,3,9.3
1648,3,3
1649,3,0.82
165,1,6.7
1650,4,6.3
1651,4,8.4
1652,3,0.067
1653,4,8.7
1654,3,5.7
1655,3,6.5
1656,3,6.5
1657,3,6.8
1658,1,6.6
1659,1,1.7
166,2,7.7
1660,1,4.3
1661,1,7.8
1662,1,4.7
1663,1,2
1664,2,2.4
1665,2,6.9
1666,3,1.5
1667,3,0.37
1668,3,0.42
1669,2,4.1
167,2,9.8
1670,2,7.1
1671,3,2.6
1672,3,1.2
1673,2,1.7
1674,2,9.6
1675,3,3.3
1676,1,3.2
1677,1,5.1
1678,4,2.5
1679,1,6.4
168,4,5.8
1680,1,2.3
1681,4,9.1
1682,4,3.1
1683,3,1.7
1684,1,9.6
1685,3,6.1
1686,2,5.9
1687,3,9.2
1688,2,0.95
1689,2,1.5
169,4,6.9
1690,3,9.2
1691,3,6.9
1692,3,2.5
1693,3,6.4
1694,1,4.9
1695,2,2.6
1696,3,7
1697,4,5.6
1698,4,0.077
1699,4,3.1
17,4,8
170,2,3.9
1700,1,2.4
1701,4,4.4
1702,4,3.1
1703,2,0.33
1704,4,0.91
1705,1,3.7
1706,2,8.1
1707,4,3.5
1708,2,0.31
1709,3,4.9
171,3,1.4
1710,1,7.8
1711,3,6.8
1712,2,6.1
1713,1,9.3
1714,4,1.1
1715,2,6.8
1716,3,5.1
1717,2,6.8
1718,2,5.1
1719,1,1.7
172,1,7.4
1720,4,9.3
1721,3,8.5
1722,4,2.6
1723,2,7.8
1724,3,2.6
1725,3,4.6
1726,3,2.8
1727,4,3.8
1728,1,7.1
1729,4,1.2
173,4,3.1
1730,3,5.6
1731,3,0.11
1732,1,2.2
1733,4,9.1
1734,4,5.4
1735,4,8.6
1736,3,9.9
1737,4,3.2
1738,1,2.8
1739,1,4.5
174,1,2.7
1740,1,1.7
1741,2,2.4
1742,2,2.8
1743,3,0.23
1744,2,6.4
1745,1,2.5
1746,2,7
1747,1,8.4
1748,2,3.1
1749,4,4.8
175,4,6.6
1750,4,4.3
1751,1,9.8
1752,3,3.1
1753,2,2.7
1754,2,1.3
1755,1,9.3
1756,4,8.5
1757,2,9.8
1758,2,1.4
1759,2,1.1
176,3,8.8
1760,4,3.1
1761,3,5.4
1762,3,2.2
1763,4,1.6
1764,4,0.16
1765,1,2.7
1766,4,8.6
1767,2,6.4
1768,2,7.7
1769,3,7.6
177,4,5.6
1770,2,0.83
1771,3,3
1772,1,2
1773,3,2.3
1774,3,2.4
1775,3,7.6
1776,4,4.2
1777,3,9.1
1778,4,2.1
1779,2,5.8
178,3,8.8
1780,3,3.7
1781,2,7.9
1782,3,5.3
1783,4,2.2
1784,1,3.7
1785,1,6.4
1786,1,0.71
1787,1,7.7
1788,3,5.2
1789,2,1.7
179,3,6.4
1790,3,0.14
1791,4,9.8
1792,1,8.9
1793,2,6.4
1794,4,4.6
1795,4,5.4
1796,1,10
1797,2,8.5
1798,3,8.7
1799,4,4
18,1,5
180,3,8.6
1800,2,5
1801,3,0.94
1802,3,8
1803,4,2
1804,3,1
1805,3,8.9
1806,3,0.75
1807,3,7
1808,3,0.18
1809,4,3.9
181,3,0.86
1810,4,3.8
1811,2,0.65
1812,1,0.54
1813,2,7.5
1814,3,7.3
1815,1,3
1816,1,0.82
1817,1,0.6
1818,3,0.32
1819,4,8.9
182,4,0.67
1820,3,0.52
1821,1,1.5
1822,1,3.5
1823,2,7.2
1824,1,7.2
1825,2,1.5
1826,2,6.3
1827,4,5.9
1828,4,8.1
1829,4,9.8
183,2,5.7
1830,3,7.3
1831,4,0.98
1832,3,5.1
1833,1,1.4
1834,2,0.77
1835,2,8
1836,3,1.8
1837,3,6.5
1838,4,1.8
1839,4,1.3
184,2,6.1
1840,4,6.2
1841,2,3.9
1842,3,9.6
1843,4,0.14
1844,2,8.1
1845,3,4.2
1846,4,5.7
1847,3,3.2
1848,3,4
1849,3,4.7
185,3,5.2
1850,4,7.6
1851,1,5.7
1852,3,7.3
1853,3,5.4
1854,2,5
1855,4,3
1856,1,1.5
1857,1,0.94
1858,4,2.8
1859,4,0.97
186,1,2
1860,2,7.9
1861,1,0.28
1862,1,9.5
1863,3,0.42
1864,2,4.8
1865,2,0.086
1866,4,8.2
1867,3,0.78
1868,3,9.8
1869,1,1.1
187,1,9.2
1870,2,0.2
1871,2,2.5
1872,1,4
1873,1,6.6
1874,2,6.3
1875,4,0.61
1876,4,8.8
1877,4,3.1
1878,3,1.4
1879,4,0.1
188,1,3.1
1880,2,9.3
1881,3,9.8
1882,4,3.9
1883,2,4.5
1884,2,0.55
1885,1,5.3
1886,1,4.5
1887,4,6.1
1888,4,1.8
1889,2,3.6
189,1,3.2
1890,3,7.2
1891,2,5.4
1892,4,9.6
1893,3,7.7
1894,3,0.82
1895,2,8.4
1896,3,0.7
1897,3,4.1
1898,3,7.4
1899,2,0.99
19,4,6.2
190,3,7.1
1900,2,4.9
1901,1,7.9
1902,2,7.5
1903,3,8.3
1904,3,3
1905,1,3.9
1906,2,10
1907,1,0.58
1908,3,6.5
1909,1,3.2
191,3,8.3
1910,4,9.7
1911,2,6.4
1912,2,9.5
1913,1,9.3
1914,1,0.99
1915,1,5
1916,2,9.7
1917,4,6.4
1918,1,8.1
1919,1,4.2
192,1,6.7
1920,1,0.4
1921,2,7.2
1922,3,2.6
1923,1,1.1
1924,1,2.1
1925,1,1.2
1926,1,7.1
1927,3,6.6
1928,2,9.1
1929,2,2.7
193,1,4.7
1930,4,8.8
1931,3,5.5
1932,4,8
1933,3,3.2
1934,1,9
1935,3,1.3
1936,2,4.1
1937,2,6.5
1938,2,7.3
1939,4,7.2
194,3,3.9
1940,2,2.2
1941,2,6.6
1942,2,7.8
1943,4,9.4
1944,2,6.9
1945,4,6.9
1946,1,1.9
1947,1,0.24
1948,4,4.8
1949,2,2
195,2,9
1950,3,9.5
1951,4,6.3
1952,4,3.6
1953,1,6.2
1954,2,6.4
1955,2,0.25
1956,4,8
1957,1,4.1
1958,2,8.6
1959,4,1.7
196,2,1.4
1960,2,4.4
1961,1,0.84
1962,1,0.76
1963,4,9
1964,4,6.7
1965,2,5.8
1966,2,4.2
1967,4,9.5
1968,4,9.8
1969,4,2.7
197,1,4.6
1970,3,3.8
1971,4,4.3
1972,3,6.3
1973,4,9.2
1974,1,1.5
1975,1,4.2
1976,1,3.4
1977,4,0.35
1978,2,7.4
1979,4,8.9
198,4,1.9
1980,1,7.6
1981,3,8.6
1982,4,3.7
1983,1,9.3
1984,1,9.8
1985,3,6.6
1986,4,1.8
1987,4,9.8
1988,3,9.5
1989,4,5.7
199,2,9.6
1990,2,1.6
1991,2,0.68
1992,1,3.9
1993,2,5.4
1994,4,7.6
1995,3,6.7
1996,4,3.2
1997,4,7
1998,4,8.1
1999,3,8.7
2,3,8.6
20,2,0.54
200,1,0.78
2000,3,2.2
2001,2,3.4
2002,4,6
2003,1,6.3
2004,1,8.1
2005,1,8
2006,3,6.3
2007,4,6.5
2008,1,8
2009,1,8.4
201,2,6.9
2010,4,4.3
2011,1,8.5
2012,2,6.7
2013,4,3.7
2014,1,2.6
2015,1,4.7
2016,2,5.6
2017,2,1.4
2018,3,0.91
2019,1,1.6
202,4,9.9
2020,2,5.9
2021,2,2.8
2022,4,4.3
2023,2,0.56
2024,1,1.1
2025,1,4.1
2026,4,1.4
2027,2,0.57
2028,4,0.34
2029,2,5.8
203,3,5.8
2030,2,2.1
2031,1,1.8
2032,2,2.4
2033,1,6.4
2034,4,5.8
2035,4,0.84
2036,2,2
2037,1,7
2038,2,0.26
2039,4,7.8
204,2,9.7
2040,4,5.9
2041,3,6.7
2042,2,8.1
2043,4,8.1
2044,3,5.2
2045,3,9.6
2046,3,3.1
2047,1,8.8
2048,3,9.8
2049,1,0.76
205,3,5.1
2050,3,9.5
2051,4,4
2052,3,3.6
2053,2,9.8
2054,2,8.8
2055,1,4.4
2056,3,4.3
2057,1,6.8
2058,1,5.2
2059,4,3.5
206,4,3
2060,2,6.4
2061,4,2.8
2062,2,9.3
2063,3,3.2
2064,2,0.3
2065,1,6.6
2066,4,1.2
2067,2,8.2
2068,1,5.1
2069,1,6.3
207,2,6
2070,1,4.1
2071,2,3.5
2072,2,0.12
2073,2,9.6
2074,4,7.7
2075,3,4.6
2076,1,8.8
2077,4,8.9
2078,1,9.8
2079,2,9.8
208,4,1.8
2080,2,3.1
2081,3,5.4
2082,1,8.1
2083,1,5.9
2084,2,6.1
2085,1,3
2086,3,5
2087,2,8.5
2088,3,5.2
2089,4,0.46
209,3,9.1
2090,4,2.9
2091,3,7.6
2092,1,4.8
2093,3,6.8
2094,4,9.2
2095,4,7.5
2096,4,7.2
2097,3,3.9
2098,1,6
2099,2,6.7
21,4,7.6
210,3,8.1
2100,3,0.37
2101,4,2.6
2102,1,6.9
2103,3,4.9
2104,3,8.9
2105,2,2.1
2106,4,0.79
2107,2,9
2108,4,9.5
2109,4,6.2
211,4,5.6
2110,4,7.2
2111,3,0.17
2112,3,9.1
2113,1,1.4
2114,1,2.3
2115,1,7.3
2116,2,2.3
2117,1,2.4
2118,2,3.4
2119,1,3.9
212,3,1.7
2120,4,8.7
2121,4,3.2
2122,1,9.1
2123,4,5.9
2124,2,1.7
2125,4,9.8
2126,4,4.3
2127,3,1.9
2128,4,6.3
2129,1,6.1
213,2,4.3
2130,1,1.2
2131,3,1.9
2132,3,9.7
2133,4,9.2
2134,4,5.6
2135,4,8
2136,3,4.6
2137,1,6.8
2138,1,1.1
2139,3,0.75
214,1,4.6
2140,2,5.9
2141,2,6.7
2142,3,0.87
2143,1,0.88
2144,3,7.4
2145,3,9.6
2146,4,7.1
2147,2,6.8
2148,2,5.1
2149,3,6.1
215,1,8.4
2150,4,9.5
2151,1,0.49
2152,3,4.7
2153,1,3
2154,1,1.9
2155,2,7.5
2156,4,5.1
2157,4,0.023
2158,2,1.2
2159,1,7
216,2,2.6
2160,2,6.3
2161,3,3.4
2162,2,7.1
2163,2,6.9
2164,2,5
2165,3,6.5
2166,3,5.1
2167,4,2.7
2168,4,5.1
2169,1,3.9
217,4,8.5
2170,4,1.7
2171,3,9
2172,2,6.3
2173,3,7
2174,1,3.3
2175,2,2.5
2176,1,7.1
2177,4,5.8
2178,3,5.2
2179,1,6
218,4,9.7
2180,1,5.6
2181,2,2.1
2182,1,9.2
2183,2,3.8
2184,1,1.6
2185,1,6.9
2186,2,0.4
2187,2,5.8
2188,4,2.6
2189,1,6.2
219,3,1.6
2190,1,7.2
2191,4,7.8
2192,2,5.1
2193,1,6
2194,4,5.1
2195,3,1.5
2196,1,4.4
2197,3,9.4
2198,1,3.6
2199,3,0.42
22,3,7.1
220,1,5.3
2200,1,7
2201,1,2.5
2202,3,6.9
2203,1,1.5
2204,4,8.4
2205,3,8.7
2206,2,9.9
2207,2,8.3
2208,2,6.5
2209,3,3.3
221,4,0.023
2210,1,3.2
2211,4,3.1
2212,4,5.3
2213,3,4.4
2214,2,7.4
2215,1,1.6
2216,2,8.4
2217,4,5.9
2218,1,7.2
2219,1,0.82
222,1,7.4
2220,4,5.4
2221,1,5.6
2222,3,5.1
2223,2,6
2224,2,3
2225,2,5.2
2226,2,5.2
2227,1,6.3
2228,1,1.8
2229,2,2.4
223,2,7.6
2230,3,9.4
2231,2,5.1
2232,4,6.8
2233,4,8.8
2234,4,5.4
2235,4,9.2
2236,4,3.4
2237,2,5.4
2238,3,3.1
2239,2,7.8
224,2,7.3
2240,1,1.4
2241,4,8.6
2242,1,3.7
2243,3,4.1
2244,1,7.8
2245,2,4.8
2246,3,7.4
2247,2,7.9
2248,1,9.1
2249,1,0.21
225,1,7.9
2250,1,4.1
2251,2,9.9
2252,2,0.12
2253,2,4.2
2254,4,3.8
2255,2,3.5
2256,2,3.2
2257,4,1.2
2258,1,7.2
2259,1,6.6
226,2,7.3
2260,1,6.4
2261,2,1.7
2262,1,4.2
2263,4,9.8
2264,4,4.8
2265,3,5.5
2266,1,8
2267,1,5.1
2268,2,9.4
2269,4,5.6
227,1,5.6
2270,2,9
2271,3,3.8
2272,3,7.1
2273,3,3
2274,2,7.7
2275,1,0.3
2276,2,1.1
2277,3,1.4
2278,2,6.9
2279,4,4.9
228,2,8.4
2280,1,2.3
2281,3,0.25
2282,2,1.6
2283,4,9.3
2284,3,0.074
2285,3,4.5
2286,1,3.9
2287,1,6.7
2288,1,8.2
2289,2,7.6
229,3,8.2
2290,2,4
2291,3,4.3
2292,3,7.4
2293,3,5.8
2294,2,9.5
2295,2,7
2296,3,3
2297,1,4.1
2298,2,2.3
2299,4,2.1
23,1,7.5
230,3,8.6
2300,1,6.4
2301,4,6.9
2302,3,3.3
2303,2,0.54
2304,3,6.1
2305,1,0.19
2306,2,2.1
2307,3,5.6
2308,4,7.2
2309,3,9.7
231,3,2.4
2310,4,3.1
2311,3,3.6
2312,1,2.1
2313,2,7.2
2314,2,3.8
2315,1,9.6
2316,2,5.9
2317,4,0.83
2318,1,7.8
2319,1,6
232,1,7.7
2320,1,6.3
2321,1,2.1
2322,4,9.9
2323,3,6
2324,3,3.7
2325,4,4
2326,3,2.2
2327,1,5.5
2328,4,6.5
2329,2,5.7
233,1,6.2
2330,3,6.5
2331,3,7.7
2332,4,5.5
2333,4,0.94
2334,3,7.5
2335,4,6.9
2336,4,1.1
2337,4,3.7
2338,2,5
2339,4,9.3
234,4,5.4
2340,3,7.8
2341,1,0.81
2342,4,6.6
2343,1,8.1
2344,3,4.9
2345,3,8.4
2346,3,5.1
2347,4,9.6
2348,3,10
2349,4,5.1
235,3,0.081
2350,4,7.5
2351,2,1.8
2352,3,2.6
2353,3,1.6
2354,3,6.2
2355,4,5.1
2356,1,9
2357,3,9.7
2358,2,3.6
2359,2,1
236,2,3.5
2360,1,4.5
2361,2,5.6
2362,3,1.3
2363,1,5.5
2364,2,3.9
2365,1,5.1
2366,3,2.9
2367,1,8.8
2368,2,1.6
2369,2,6.9
237,4,8.8
2370,3,9.4
2371,1,7.1
2372,3,8
2373,4,0.98
2374,1,3
2375,2,3.1
2376,3,9.3
2377,4,8
2378,3,9.5
2379,4,2.3
238,4,7.8
2380,3,8.9
2381,2,6.9
2382,4,2
2383,2,1.3
2384,3,8.7
2385,1,6.7
2386,2,0.18
2387,1,4.2
2388,2,2
2389,4,2.3
239,3,2.6
2390,1,9.6
2391,3,8
2392,3,8.5
2393,4,5.2
2394,2,6.6
2395,1,1.3
2396,1,7.7
2397,1,6.8
2398,1,2
2399,4,3.6
24,3,2.7
240,4,4.4
2400,3,7.3
2401,2,1.4
2402,1,6.5
2403,4,4.9
2404,1,1.9
2405,2,5.7
2406,4,6.9
2407,3,4.6
2408,1,3.8
2409,1,7.1
241,4,2.2
2410,3,9.9
2411,4,6.6
2412,1,0.75
2413,2,2.4
2414,4,9
2415,3,5.4
2416,1,9.5
2417,2,1.5
2418,1,6.7
2419,1,3
242,1,5.8
2420,1,4.4
2421,1,9.7
2422,4,3.6
2423,2,7.8
2424,2,4.2
2425,4,0.23
2426,2,6
2427,1,6.7
2428,1,5.5
2429,2,1.5
243,4,2.9
2430,4,4.8
2431,4,8.4
2432,2,4.5
2433,3,2
2434,1,0.73
2435,2,6.4
2436,3,5.4
2437,1,6.1
2438,3,0.4
2439,1,3.3
244,4,9.1
2440,4,7.5
2441,3,1.6
2442,1,8.4
2443,4,4.7
2444,2,0.0056
2445,1,6.5
2446,2,4.4
2447,4,7.3
2448,3,9.1
2449,1,9
245,4,7.5
2450,3,1.9
2451,4,6.7
2452,3,0.67
2453,2,0.7
2454,1,3.7
2455,3,8.7
2456,4,2.6
2457,1,2
2458,4,0.73
2459,3,1.7
246,4,6.2
2460,4,3.7
2461,3,3.8
2462,2,0.56
2463,2,6.8
2464,1,4.8
2465,3,4.2
2466,4,8.7
2467,3,9.4
2468,2,6.2
2469,3,9
247,1,5.7
2470,1,9
2471,4,3.6
2472,3,5.7
2473,1,7.4
2474,2,4
2475,1,0.79
2476,4,7.1
2477,2,2.7
2478,4,8.8
2479,4,10
248,4,7
2480,3,6.9
2481,4,0.37
2482,4,4.3
2483,3,3.6
2484,2,8.7
2485,4,9.4
2486,3,3.1
2487,1,5.6
2488,2,8.5
2489,3,9.7
249,2,2
2490,1,8.8
2491,1,0.37
2492,1,6.2
2493,3,8.5
2494,1,5.2
2495,1,0.95
2496,4,1.2
2497,2,7.2
2498,2,9.4
2499,2,7.8
25,2,8.6
250,4,5.7
2500,2,8.9
2501,1,8.1
2502,4,7.2
2503,4,0.66
2504,1,6.3
2505,1,2.7
2506,1,9.3
2507,1,8.7
2508,1,10
2509,3,9.5
251,2,9
2510,4,5.3
2511,4,0.94
2512,3,3
2513,3,6.6
2514,2,0.8
2515,4,8.1
2516,3,1.9
2517,4,5.8
2518,1,2.3
2519,3,0.12
252,1,1.6
2520,4,2.2
2521,2,9.4
2522,3,3.3
2523,3,8.3
2524,1,9.3
2525,1,5.7
2526,4,1.7
2527,3,2.5
2528,4,8.2
2529,1,0.23
253,4,7.8
2530,2,5.7
2531,2,3.8
2532,1,3.1
2533,4,3
2534,1,0.5
2535,1,2.4
2536,1,8.2
2537,3,6.4
2538,3,5.7
2539,4,4.9
254,2,2.9
2540,1,9.4
2541,2,6.7
2542,4,1.4
2543,2,6.3
2544,1,0.28
2545,4,3.9
2546,4,2.4
2547,3,0.25
2548,4,6.5
2549,3,7.9
255,4,7.8
2550,3,6
2551,3,0.83
2552,4,1.1
2553,4,4.9
2554,2,1.4
2555,2,9.7
2556,1,1.7
2557,1,7.7
2558,2,7.5
2559,1,5.2
256,1,9.5
2560,2,4.8
2561,2,4.9
2562,2,9.8
2563,2,7.9
2564,2,3.1
2565,1,4.3
2566,1,7.8
2567,2,2.5
2568,2,5.4
2569,4,3.5
257,2,8.8
2570,3,4.1
2571,1,8
2572,2,9.3
2573,2,3.9
2574,3,7.8
2575,3,5.7
2576,4,7.9
2577,3,4.9
2578,3,2
2579,4,9.5
258,2,6.6
2580,2,7.1
2581,2,9
2582,3,7.6
2583,2,0.9
2584,2,5.1
2585,3,1.2
2586,3,0.83
2587,3,0.84
2588,4,1.8
2589,3,2.2
259,3,2.9
2590,2,6.7
2591,1,6
2592,1,1.5
2593,2,2.2
2594,1,5.7
2595,1,1.8
2596,4,6.2
2597,4,9.1
2598,3,7.4
2599,4,2
26,4,0.96
260,3,4.8
2600,4,7.4
2601,1,9.7
2602,1,2.5
2603,4,1.4
2604,1,2.3
2605,4,4.9
2606,3,8.6
2607,4,8
2608,1,1.1
2609,3,5.6
261,1,4.6
2610,3,4
2611,1,3.1
2612,2,6.2
2613,1,4.3
2614,3,7.7
2615,4,9.7
2616,4,0.54
2617,4,7.4
2618,1,5.5
2619,3,0.81
262,2,4.1
2620,4,4.2
2621,2,0.27
2622,4,6.6
2623,1,4.6
2624,4,2.2
2625,4,8.4
2626,3,0.91
2627,4,6.6
2628,2,1.7
2629,2,3.3
263,3,9.6
2630,2,2.8
2631,4,9.6
2632,2,0.25
2633,2,7
2634,4,0.33
2635,1,4.8
2636,3,6.7
2637,2,6.9
2638,1,9
2639,2,3
264,2,2.2
2640,3,0.57
2641,3,6.5
2642,1,1.8
2643,3,6.7
2644,1,5.3
2645,3,6.7
2646,2,3.3
2647,2,8.6
2648,3,1.7
2649,4,5.8
265,4,3.9
2650,1,9.4
2651,1,6.3
2652,1,4.3
2653,4,7.7
2654,2,0.13
2655,2,1.9
2656,1,8.6
2657,3,3.5
2658,4,9
2659,1,4.8
266,3,2.3
2660,2,1.1
2661,3,0.39
2662,3,0.94
2663,2,0.82
2664,2,1.4
2665,2,5.7
2666,4,4.7
2667,3,8.3
2668,2,9.6
2669,4,2.5
267,2,2.2
2670,2,7.1
2671,3,1
2672,3,8
2673,2,3
2674,4,0.94
2675,1,7.3
2676,3,0.24
2677,4,0.98
2678,2,9.7
2679,2,6.7
268,3,5.6
2680,2,10
2681,4,6.4
2682,4,9.7
2683,3,9.8
2684,4,0.92
2685,3,5.3
2686,4,8.9
2687,2,9.6
2688,3,7.9
2689,1,0.2
269,4,6
2690,4,5.1
2691,4,8.4
2692,4,2.7
2693,2,1.2
2694,3,0.08
2695,2,3.5
2696,3,7.3
2697,1,3.8
2698,1,0.12
2699,3,6
27,2,8.6
270,4,9.8
2700,4,4.6
2701,1,7.5
2702,1,9.2
2703,3,4.1
2704,1,8.2
2705,3,1.7
2706,1,4.5
2707,2,0.4
2708,4,3.8
2709,4,6.6
271,3,5.4
2710,4,5.7
2711,2,3.2
2712,2,2.9
2713,2,1.9
2714,2,7.5
2715,3,9.8
2716,1,9.2
2717,2,5.2
2718,2,9.8
2719,1,6.6
272,1,7.8
2720,3,5.5
2721,3,9.6
2722,1,1.4
2723,3,0.51
2724,1,8.4
2725,2,4.4
2726,1,9.3
2727,2,8.1
2728,2,7.3
2729,2,7.6
273,2,5.7
2730,4,0.41
2731,4,6.3
2732,2,8.4
2733,4,9.8
2734,4,4.7
2735,3,1.7
2736,4,6.6
2737,1,0.022
2738,3,9.6
2739,4,8.8
274,4,4.6
2740,3,5.2
2741,3,4.6
2742,1,2.1
2743,2,2
2744,4,4.5
2745,4,0.85
2746,1,6.8
2747,2,2.2
2748,3,6.7
2749,3,4
275,3,2.6
2750,2,3.7
2751,4,2.1
2752,2,1.8
2753,1,9.3
2754,3,4.1
2755,3,5.9
2756,1,5.2
2757,4,3.4
2758,2,4.9
2759,1,6.9
276,3,9.6
2760,4,0.39
2761,2,8.4
2762,1,9
2763,2,6.7
2764,3,1.7
2765,3,4.1
2766,4,7.9
2767,2,6.7
2768,3,0.66
2769,1,4.2
277,1,1.6
2770,4,7.6
2771,2,8.8
2772,2,5.4
2773,2,8.7
2774,3,9.7
2775,3,0.066
2776,1,5.3
2777,2,0.42
2778,3,8.9
2779,1,5.7
278,4,5
2780,4,7.8
2781,2,0.045
2782,2,8.8
2783,1,9.4
2784,1,1.8
2785,3,9.9
2786,1,2.4
2787,4,2.5
2788,1,4.2
2789,2,3.1
279,1,1.5
2790,1,2.9
2791,3,0.17
2792,2,5.5
2793,2,6.2
2794,4,6.4
2795,2,4
2796,1,4
2797,4,2.6
2798,2,5.2
2799,2,7.6
28,4,0.13
280,1,2.7
2800,1,3.2
2801,2,0.33
2802,3,8.3
2803,4,0.88
2804,2,4
2805,2,6.2
2806,4,5
2807,2,7.9
2808,3,4
2809,3,2.5
281,4,2.7
2810,1,9.6
2811,3,9.2
2812,3,6.7
2813,2,4.9
2814,2,9
2815,1,9.9
2816,4,9
2817,1,1.8
2818,4,1.5
2819,4,1.9
282,2,7
2820,4,4.3
2821,3,2.1
2822,1,7.6
2823,4,6.1
2824,2,2.9
2825,4,5.2
2826,2,9.8
2827,1,6.7
2828,2,7.6
2829,3,2.3
283,4,5.5
2830,2,0.24
2831,1,7.4
2832,2,8.4
2833,4,4.3
2834,4,2.7
2835,1,5.5
2836,1,5.5
2837,3,7.7
2838,3,4.8
2839,3,0.47
284,3,5.3
2840,4,1.1
2841,4,4.1
2842,4,8
2843,3,2.4
2844,2,2.7
2845,2,8.4
2846,1,3.9
2847,2,5.8
2848,1,3.2
2849,2,9
285,3,5.9
2850,4,8.4
2851,4,2.3
2852,2,7.1
2853,2,1.6
2854,4,0.71
2855,1,7.4
2856,2,2.4
2857,3,8.6
2858,1,5.7
2859,4,0.71
286,3,2.8
2860,4,3.7
2861,4,0.56
2862,3,1.9
2863,2,0.028
2864,3,6.5
2865,3,0.68
2866,4,6.3
2867,1,1.6
2868,2,9.4
2869,2,0.61
287,4,6.3
2870,3,8.8
2871,1,1.6
2872,4,7.7
2873,3,7.9
2874,4,1.2
2875,2,8.2
2876,1,3.4
2877,4,8.4
2878,2,2.9
2879,4,0.9
288,1,0.75
2880,1,8.8
2881,2,3.3
2882,1,2.5
2883,4,2.9
2884,3,4.5
2885,3,2.8
2886,1,7.5
2887,3,8.2
2888,2,3.7
2889,4,3.9
289,2,4
2890,3,0.44
2891,2,5.6
2892,1,9.1
2893,1,3.5
2894,4,0.78
2895,4,0.8
2896,3,7.9
2897,3,0.17
2898,2,2.2
2899,2,2.5
29,2,6.6
290,2,8.7
2900,2,3.5
2901,3,1.4
2902,4,1.6
2903,1,2.4
2904,3,6
2905,1,2.5
2906,2,2.1
2907,2,3
2908,3,8
2909,3,1.8
291,3,2.6
2910,4,1.6
2911,4,6.2
2912,3,4.6
2913,4,7.6
2914,4,5.2
2915,4,3.9
2916,4,4.2
2917,2,0.28
2918,3,2.2
2919,1,1
292,1,3.5
2920,2,2.3
2921,3,2.6
2922,1,6.5
2923,3,7
2924,1,6
2925,3,3
2926,3,6.4
2927,4,9.9
2928,3,9.3
2929,1,3.9
293,3,10
2930,3,1.1
2931,1,6.4
2932,1,8.6
2933,2,6.1
2934,4,1.5
2935,4,4.2
2936,3,2.3
2937,4,3.3
2938,4,1.1
2939,1,9.3
294,4,1.9
2940,1,8
2941,1,9.4
2942,3,7.3
2943,4,3.7
2944,3,6.4
2945,1,2.4
2946,3,3.1
2947,4,1.2
2948,4,2.6
2949,3,2.3
295,2,7.7
2950,1,0.37
2951,1,3.9
2952,4,7.4
2953,3,8.9
2954,4,9.6
2955,2,1.9
2956,3,1.3
2957,2,0.51
2958,4,3
2959,2,5.5
296,3,9
2960,1,3.6
2961,2,0.43
2962,4,5.1
2963,2,9.9
2964,2,0.87
2965,1,9
2966,3,4.9
2967,3,5.2
2968,1,4.3
2969,1,5.7
297,3,8
2970,3,4.1
2971,2,6.6
2972,3,9.4
2973,3,1.8
2974,2,6.8
2975,4,1.2
2976,1,5.6
2977,1,3
2978,1,5.8
2979,3,0.49
298,2,1.8
2980,3,1.1
2981,4,9.6
2982,4,9.4
2983,1,8.2
2984,4,7.1
2985,3,10
2986,2,7.9
2987,2,4.9
2988,1,2
2989,2,8.1
299,3,1.7
2990,1,7.3
2991,4,10
2992,3,0.54
2993,4,9
2994,4,2.7
2995,2,3.4
2996,4,7.8
2997,1,8.5
2998,2,0.78
2999,2,5.8
3,1,3.8
30,2,4.9
300,3,0.96
3000,4,1.4
3001,3,6.8
3002,4,9.3
3003,4,7.1
3004,4,3.7
3005,3,2.2
3006,3,9.9
3007,3,2.4
3008,1,7.5
3009,3,8.5
301,4,8.6
3010,3,1.8
3011,3,4.3
3012,2,9.2
3013,4,8.5
3014,2,7.1
3015,4,2.3
3016,1,7.7
3017,1,8.7
3018,4,9.9
3019,2,1.3
302,2,2.1
3020,1,2.9
3021,2,1.4
3022,3,9.9
3023,4,0.13
3024,4,8.7
3025,1,7.4
3026,4,9.5
3027,4,4.8
3028,4,6.2
3029,1,7.6
303,2,2.7
3030,3,9.1
3031,1,6.3
3032,1,2.1
3033,1,2.6
3034,1,8.1
3035,4,1
3036,4,2.7
3037,4,8.7
3038,3,1.9
3039,4,9.3
304,3,6.1
3040,1,8.9
3041,1,6.1
3042,4,8.9
3043,3,2.7
3044,2,8.4
3045,1,0.98
3046,2,3.1
3047,3,5.6
3048,1,6.4
3049,1,5.2
305,2,2.3
3050,2,7.9
3051,2,2.2
3052,3,9.4
3053,1,5.4
3054,3,3.6
3055,4,5.6
3056,2,7.1
3057,1,1.4
3058,4,3.5
3059,2,5.1
306,2,6.2
3060,4,4
3061,2,2
3062,1,5.2
3063,4,6.3
3064,1,1.1
3065,2,8.5
3066,3,5.6
3067,4,8.6
3068,2,9.8
3069,3,3.2
307,1,6.6
3070,4,0.73
3071,3,1.1
3072,4,3.5
3073,1,2.2
3074,3,1.7
3075,4,0.65
3076,4,6.1
3077,4,3.2
3078,3,1.1
3079,3,6.2
308,3,2.2
3080,1,7.7
3081,3,6.8
3082,1,2.1
3083,1,3.8
3084,3,4.5
3085,3,2.8
3086,4,6.7
3087,1,7.5
3088,3,6.9
3089,1,3.4
309,2,9.3
3090,4,2.1
3091,2,6.1
3092,1,2
3093,1,8.6
3094,3,3.2
3095,2,7.1
3096,2,6.1
3097,3,0.86
3098,2,7.1
3099,4,8.9
31,2,8.5
310,2,2.6
3100,1,4
3101,4,4
3102,3,6.7
3103,4,5
3104,2,5.5
3105,1,7.1
3106,4,3.8
3107,3,2.1
3108,4,7.4
3109,1,8.9
311,2,6.2
3110,2,6
3111,1,6.6
3112,1,8.7
3113,4,1.9
3114,1,9.1
3115,4,2.4
3116,4,4.1
3117,3,2
3118,1,3.3
3119,2,5.2
312,4,8.4
3120,1,0.72
3121,2,3.7
3122,3,8.6
3123,4,3.6
3124,2,4.5
3125,2,8.4
3126,4,7.1
3127,1,3.8
3129,1,6.2
313,2,3.1
3130,2,1.7
3131,4,5.2
3132,1,9.3
3133,3,3.3
3134,1,7.4
3135,3,7.1
3136,2,0.53
3137,3,5.2
3138,2,4.2
3139,1,7.9
314,2,7.4
3140,4,4.1
3141,2,6.2
3142,3,1.4
3143,4,5.6
3144,2,7.6
3145,3,3.5
3146,3,1.9
3147,1,1.8
3148,4,6
3149,3,5.2
315,2,5.9
3150,2,8.2
3151,1,3.7
3152,1,8.1
3153,4,0.1
3154,4,5.6
3155,1,9.1
3156,3,0.61
3157,3,1.3
3158,2,1.9
3159,2,3.3
316,2,6.3
3160,1,0.33
3161,1,8.3
3162,3,5.6
3163,3,2.5
3164,2,4.4
3165,4,4.8
3166,2,8.3
3167,1,9.1
3168,2,7.3
3169,1,2.2
317,3,1.3
3170,3,6.2
3171,2,8.1
3172,2,8
3173,1,2.4
3174,4,1.9
3175,4,5.5
3176,4,0.63
3177,3,0.49
3178,2,5.2
3179,1,1
318,4,9.8
3180,2,8.9
3181,4,2.3
3182,4,0.72
3183,1,5
3184,1,3.3
3185,1,6
3186,1,5.1
3187,4,2.8
3188,3,3.2
3189,1,8.5
319,4,4.8
3190,4,9.2
3191,4,8.4
3192,2,6.4
3193,2,0.88
3194,4,8.4
3195,2,9.3
3196,2,3.2
3197,1,4.6
3198,2,3.6
3199,4,6.3
32,4,3.5
320,1,9.5
3200,1,2.9
3201,1,3.7
3202,1,6.7
3203,4,9
3204,4,9.6
3205,2,7
3206,3,2.6
3207,4,0.42
3208,2,3.9
3209,3,9.3
321,2,3.3
3210,2,7.6
3211,4,5.6
3212,2,4.7
3213,3,8.2
3214,2,6.5
3215,3,0.29
3216,3,0.28
3217,1,3.3
3218,3,6.3
3219,4,7.1
322,4,1.7
3220,1,9.6
3221,1,6.3
3222,1,6.3
3223,1,7.9
3224,3,6.5
3225,1,7.5
3226,4,5.8
3227,2,5
3228,2,8.6
3229,1,6.2
323,2,0.55
3230,3,7
3231,1,0.095
3232,1,0.18
3233,3,9
3234,2,6.8
3235,2,7.9
3236,4,3.6
3237,2,0.89
3238,4,8.7
3239,4,3.6
324,3,5.2
3240,1,9.2
3241,4,0.35
3242,2,4.9
3243,3,4.5
3244,2,6.3
3245,1,3.1
3246,2,2.6
3247,1,7.6
3248,4,7.3
3249,3,4.4
325,2,9.4
3250,1,2.3
3251,3,1.7
3252,3,7.1
3253,2,7
3254,1,9.2
3255,2,0.52
3256,2,5.6
3257,2,2
3258,1,1
3259,4,8.2
326,2,8.3
3260,2,5
3261,4,1.3
3262,3,5.1
3263,4,2.1
3264,3,4.6
3265,4,0.83
3266,1,2.3
3267,4,2.2
3268,2,6.5
3269,1,2.6
327,4,2.5
3270,2,1.7
3271,2,3.3
3272,3,2.9
3273,4,7.7
3274,3,2.1
3275,2,7
3276,3,7.2
3277,3,8.1
3278,1,3
3279,3,6.6
328,2,6.6
3280,1,7.3
3281,2,6.5
3282,1,7.3
3283,2,6.1
3284,2,4.7
3285,1,1.4
3286,4,7.6
3287,1,3.8
3288,2,6.6
3289,2,6
329,2,2.1
3290,2,5.8
3291,2,5.9
3292,3,6.4
3293,2,7.6
3294,4,1.3
3295,4,0.46
3296,1,3.3
3297,4,4
3298,2,4.1
3299,3,3.1
33,3,3.3
330,2,4.5
3300,2,3.7
3301,3,2.2
3302,1,6.2
3303,4,1.7
3304,3,0.44
3305,2,3.9
3306,3,7.2
3307,1,8.9
3308,3,7.7
3309,4,5.9
331,1,3.7
3310,4,7.2
3311,4,9.2
3312,1,5.2
3313,2,1.6
3314,3,8.3
3315,1,3.6
3316,1,5.3
3317,1,8.3
3318,4,4
3319,4,8.7
332,4,4.7
3320,3,4
3321,1,8
3322,4,2.4
3323,1,2.7
3324,4,3.7
3325,3,0.43
3326,3,4.1
3327,3,0.05
3328,4,5.3
3329,1,1.7
333,3,5.1
3330,3,8.8
3331,2,3.7
3332,3,8.9
3333,4,3.5
3334,1,1.9
3335,4,6.2
3336,2,6.3
3337,3,6
3338,1,0.62
3339,3,5.4
334,1,3.9
3340,1,6.5
3341,3,3.7
3342,3,3
3343,4,1.9
3344,2,3.1
3345,3,4.6
3346,1,5.7
3347,1,2.3
3348,1,3.9
3349,2,1.3
335,4,4.1
3350,2,3.3
3351,2,2.9
3352,2,9.1
3353,2,2.3
3354,1,3.5
3355,2,9.5
3356,1,9.4
3357,2,3.2
3358,2,4.5
3359,2,5
336,3,0.93
3360,3,4.1
3361,4,5.7
3362,2,4.2
3363,3,7.5
3364,3,4.2
3365,2,0.53
3366,4,5.2
3367,3,8.6
3368,3,7.8
3369,2,4.1
337,1,4.4
3370,4,9.1
3371,1,7.6
3372,1,3.4
3373,3,5.2
3374,2,2.2
3375,1,6.4
3376,2,4.1
3377,3,0.85
3378,4,0.64
3379,3,5.1
338,3,1
3380,2,5.6
3381,2,3.7
3382,3,0.96
3383,4,3.9
3384,3,3.6
3385,3,9.8
3386,3,0.14
3387,2,6.6
3388,4,8.3
3389,3,3.5
339,2,4.7
3390,3,5.3
3391,1,8.8
3392,4,9.9
3393,1,5.1
3394,1,8.3
3395,1,0.55
3396,4,9.4
3397,2,5.3
3398,1,2.1
3399,1,5.7
34,4,4.9
340,4,10
3400,4,8.2
3401,2,8.9
3402,3,3
3403,4,0.94
3404,2,7.4
3405,2,7.4
3406,4,3
3407,4,7.1
3408,1,2.8
3409,1,4.1
341,2,2.8
3410,3,9.8
3411,4,4.4
3412,1,8.9
3413,4,8.1
3414,4,1.4
3415,2,1.9
3416,2,8.2
3417,4,8.6
3418,1,4.9
3419,3,5.1
342,1,0.028
3420,1,5.1
3421,4,1.1
3422,3,5.4
3423,1,4.1
3424,2,7.5
3425,3,0.37
3426,4,5.1
3427,2,6.7
3428,3,6
3429,2,2.2
343,4,0.26
3430,1,8.7
3431,1,1.2
3432,4,1.4
3433,1,2.8
3434,4,6.8
3435,3,3.5
3436,2,5.9
3437,4,3.4
3438,3,8.6
3439,4,0.59
344,4,6.5
3440,4,3.1
3441,2,7.8
3442,2,5.1
3443,3,6.6
3444,4,3
3445,4,1.9
3446,4,9.1
3447,1,4.6
3448,3,7.4
3449,2,1
345,2,4.9
3450,3,8.4
3451,3,2.3
3452,4,3.5
3453,1,1.8
3454,2,0.084
3455,1,2.7
3456,1,9.4
3457,3,4.4
3458,3,1.6
3459,1,2.3
346,4,2.5
3460,1,6.3
3461,1,8.1
3462,1,9.9
3463,1,10
3464,2,5.6
3465,2,9.1
3466,4,1.9
3467,4,5
3468,2,5.8
3469,3,0.36
347,2,9.4
3470,2,3.6
3471,4,4.3
3472,3,0.51
3473,1,8.4
3474,1,7.4
3475,4,8.7
3476,3,1.3
3477,1,8.3
3478,3,4.1
3479,4,0.69
348,3,3.4
3480,3,0.49
3481,2,0.63
3482,1,5.4
3483,3,7.5
3484,2,9.4
3485,4,8.4
3486,1,2.3
3487,2,2
3488,4,0.17
3489,2,7.3
349,2,2.6
3490,2,0.26
3491,1,2.9
3492,2,5.3
3493,1,1.6
3494,1,2
3495,1,5.6
3496,4,4.1
3497,4,0.33
3498,4,1
3499,2,2.8
35,4,7.9
350,3,7
3500,2,3.8
3501,2,9.6
3502,4,6
3503,2,6.6
3504,4,8.9
3505,3,2.1
3506,1,3.1
3507,2,1.1
3508,4,9.4
3509,4,3.7
351,1,0.026
3510,4,3.7
3511,3,6.7
3512,1,9.4
3513,3,5.7
3514,4,5.8
3515,2,0.29
3516,3,0.5
3517,2,4.8
3518,1,3.8
3519,1,4.1
352,1,4.7
3520,4,6
3521,2,1.2
3522,4,8.2
3523,1,9.1
3524,3,8.8
3525,2,4.5
3526,4,6
3527,3,5.5
3528,2,2.5
3529,1,2.9
353,1,2.5
3530,3,4.1
3531,1,6.8
3532,1,2
3533,1,7.2
3534,3,1.5
3535,2,6.1
3536,3,9.8
3537,4,0.95
3538,1,9
3539,4,4.6
354,2,4.8
3540,1,5.1
3541,1,4.9
3542,3,6.3
3543,3,2.5
3544,4,7
3545,4,4.5
3546,4,2.5
3547,2,8.3
3548,1,8.5
3549,3,4.6
355,2,0.96
3550,4,1.8
3551,4,7.8
3552,1,0.34
3553,2,0.73
3554,3,5.9
3555,1,4.4
3556,2,8.5
3557,2,0.37
3558,2,2.9
3559,4,6.1
356,1,8.2
3560,4,7.9
3561,1,2.9
3562,1,0.76
3563,4,2.4
3564,3,0.79
3565,3,0.22
3566,3,3.1
3567,1,6.9
3568,4,3.7
3569,1,6.6
357,4,1.4
3570,1,2.9
3571,2,4
3572,4,6.9
3573,1,5.4
3574,2,0.34
3575,4,1.9
3576,3,1.8
3577,1,1.5
3578,1,1.2
3579,4,1.1
358,1,4
3580,4,9.3
3581,3,7.5
3582,2,2.9
3583,2,8
3584,4,7.2
3585,4,8.4
3586,2,8.7
3587,3,3.6
3588,3,0.82
3589,3,7.9
359,2,3.4
3590,2,7.5
3591,4,4.1
3592,4,3.5
3593,2,0.52
3594,3,7.3
3595,3,8.1
3596,3,8.9
3597,4,5
3598,2,0.72
3599,1,0.65
36,2,5.6
360,1,4.7
3600,3,5
3601,3,4.7
3602,4,8.8
3603,1,3.4
3604,2,0.49
3605,4,3.5
3606,1,4.7
3607,3,4.4
3608,1,8.2
3609,3,2.4
361,4,1.9
3610,2,0.42
3611,4,7.7
3612,3,5.7
3613,1,0.73
3614,3,5.6
3615,3,1.5
3616,2,8.9
3617,1,5.4
3618,3,3.4
3619,3,2.2
362,1,3.7
3620,1,6.4
3621,4,2.1
3622,4,6.7
3623,1,0.59
3624,1,3.3
3625,2,1.8
3626,1,1.4
3627,4,5.4
3628,3,7.3
3629,1,4.6
363,4,2.9
3630,1,2.9
3631,2,5.9
3632,1,6.2
3633,4,9.9
3634,2,5.8
3635,4,1.3
3636,3,6.8
3637,1,3.6
3638,1,7.4
3639,1,7.2
364,1,9.6
3640,4,8.4
3641,3,9.5
3642,2,6.4
3643,3,2.6
3644,4,4.5
3645,1,1.9
3646,3,7.4
3647,3,5.3
3648,2,1.3
3649,1,2.6
365,4,9.4
3650,2,7.9
3651,3,7.8
3652,2,3.9
3653,1,6.5
3654,2,8.1
3655,3,4.1
3656,1,3.5
3657,1,8.6
3658,4,1.1
3659,4,3.4
366,2,5.4
3660,1,6.1
3661,3,2.3
3662,1,2.5
3663,3,5
3664,2,8
3665,2,2.6
3666,1,9.8
3667,1,8.2
3668,1,1.2
3669,4,6.6
367,1,9.8
3670,4,1.6
3671,3,0.39
3672,3,7.5
3673,4,1.7
3674,2,0.096
3675,4,3.3
3676,1,0.64
3677,3,1.3
3678,1,2.3
3679,2,6.8
368,3,6
3680,3,7.3
3681,1,6.6
3682,1,1.2
3683,3,3.4
3684,3,2.9
3685,3,2.9
3686,4,5.4
3687,1,3.4
3688,2,6.5
3689,1,0.82
369,4,5.7
3690,2,6.6
3691,3,1.3
3692,4,8.5
3693,4,9.3
3694,4,2.6
3695,4,0.11
3696,3,1.8
3697,4,2.3
3698,4,7.9
3699,1,7.4
37,4,0.69
370,4,4.3
3700,1,4.1
3701,3,6.5
3702,4,2
3703,1,7.5
3704,4,9.2
3705,2,4.5
3706,3,9.2
3707,3,6.8
3708,4,2
3709,3,1.1
371,1,4.4
3710,3,6.3
3711,1,5.7
3712,3,5.2
3713,4,6.6
3714,2,6.5
3715,4,8.9
3716,2,2.2
3717,4,0.6
3718,2,0.44
3719,1,9
372,4,6.3
3720,4,4.7
3721,4,2.5
3722,3,5.5
3723,3,9
3724,4,3.5
3725,1,4.7
3726,2,7.3
3727,2,5.4
3728,3,5
3729,1,3.8
373,4,6.3
3730,1,6.5
3731,4,0.55
3732,1,8.5
3733,3,1.1
3734,3,5.5
3735,4,5.4
3736,1,7.6
3737,3,0.22
3738,1,3.6
3739,3,8.8
374,4,3.9
3740,2,1.2
3741,3,5.8
3742,2,0.28
3743,1,3.1
3744,2,2.9
3745,4,2.9
3746,2,3.6
3747,3,5.9
3748,4,3.4
3749,3,7.4
375,2,0.61
3750,2,8.6
3751,4,6.3
3752,1,8.9
3753,1,4.1
3754,3,4.2
3755,4,4.6
3756,2,7.4
3757,2,7.1
3758,1,4.2
3759,3,5.6
376,4,4.4
3760,2,2.8
3761,1,9.8
3762,1,4.5
3763,3,5.3
3764,1,8.7
3765,1,4.5
3766,2,1.5
3767,1,4.4
3768,4,3.4
3769,2,4.8
377,1,6.1
3770,4,7
3771,1,3.7
3772,1,4
3773,3,4.2
3774,4,3.6
3775,1,4.8
3776,3,4.8
3777,4,5
3778,4,7.8
3779,1,1.6
378,1,6.4
3780,3,0.68
3781,2,2
3782,1,4.7
3783,3,4.1
3784,4,7.5
3785,3,9.7
3786,1,4.6
3787,2,9.3
3788,2,4.4
3789,1,6.2
379,1,4.2
3790,1,3.8
3791,1,2.3
3792,3,4.7
3793,3,9.7
3794,2,9.2
3795,3,3.7
3796,3,5.9
3797,1,3.4
3798,1,0.94
3799,4,0.49
38,1,4
380,3,8
3800,2,5.5
3801,2,7.1
3802,4,5.8
3803,2,8
3804,1,2.7
3805,3,5.6
3806,4,2.5
3807,3,4.7
3808,2,5.8
3809,2,4.9
381,3,1.9
3810,4,3.4
3811,4,2.2
3812,3,8.1
3813,2,5.4
3814,1,0.097
3815,4,6.5
3816,2,4.2
3817,2,2
3818,1,9
3819,2,4.4
382,4,6.2
3820,4,6.1
3821,4,2.5
3822,4,1.8
3823,3,6.6
3824,1,0.021
3825,3,7.8
3826,3,7.9
3827,2,2.5
3828,1,9.1
3829,3,5
383,3,1.4
3830,4,9.7
3831,4,5
3832,3,9.2
3833,2,3.8
3834,1,0.11
3835,3,7.4
3836,1,9.6
3837,4,7.5
3838,1,9.2
3839,1,5.5
384,4,8.1
3840,4,6.9
3841,3,1.2
3842,1,2.9
3843,1,7.1
3844,2,7.3
3845,3,6.9
3846,4,9.2
3847,3,1.6
3848,1,3.4
3849,3,2.9
385,3,1.4
3850,2,8
3851,3,3.2
3852,2,6.7
3853,4,8.1
3854,1,3.9
3855,1,3.7
3856,3,9
3857,4,4.7
3858,3,0.25
3859,3,6.2
386,1,9.6
3860,2,3.8
3861,3,7
3862,4,7.9
3863,2,9.5
3864,3,5.3
3865,3,5.7
3866,3,8.3
3867,2,1.5
3868,3,0.079
3869,4,1.8
387,1,8.5
3870,2,3.3
3871,3,1.4
3872,1,8.9
3873,2,5
3874,1,0.96
3875,2,2.4
3876,2,7.2
3877,2,7.8
3878,1,5.1
3879,1,7.6
388,2,3.5
3880,1,4.6
3881,4,8.3
3882,4,5.3
3883,1,8.2
3884,1,4.5
3885,2,8.7
3886,1,2
3887,1,1.9
3888,4,0.84
3889,1,1.8
389,3,6
3890,1,5.3
3891,4,0.99
3892,4,8.8
3893,1,4.9
3894,4,7.7
3895,4,1.5
3896,1,5
3897,4,0.5
3898,3,5.2
3899,1,1.3
39,1,2
390,1,3.1
3900,2,5.6
3901,1,5.5
3902,3,3.6
3903,2,8.8
3904,3,4.4
3905,1,8.5
3906,2,9
3907,3,1.6
3908,2,2.3
3909,3,1
391,4,0.9
3910,2,6.3
3911,4,5.4
3912,2,7.6
3913,3,0.2
3914,4,0.94
3915,3,2.7
3916,4,9.4
3917,4,0.9
3918,3,3.4
3919,4,1.6
392,3,8.5
3920,4,2.9
3921,1,4.4
3922,4,6.4
3923,4,5.2
3924,1,2.7
3925,3,9
3926,3,6.6
3927,1,6.8
3928,4,5.1
3929,3,5.2
393,1,9
3930,4,7.4
3931,3,0.56
3932,4,9.8
3933,1,0.21
3934,4,1.3
3935,1,7.8
3936,1,3
3937,3,0.83
3938,4,0.34
3939,4,0.73
394,3,8
3940,3,6.8
3941,2,0.2
3942,2,8.4
3943,1,9.9
3944,3,8.5
3945,3,8.1
3946,3,1.7
3947,2,0.29
3948,3,4.2
3949,3,2.9
395,1,1.9
3950,4,8.2
3951,3,4.1
3952,3,5.2
3953,3,6.2
3954,2,4.3
3955,4,5.4
3956,3,2.7
3957,1,3
3958,3,1.3
3959,3,8.4
396,4,4.8
3960,4,1.6
3961,2,9.7
3962,1,4.4
3963,2,9.9
3964,4,2.7
3965,4,5.6
3966,4,7.3
3967,2,7.1
3968,1,8.4
3969,1,9.7
397,3,1.6
3970,3,6.4
3971,4,5.1
3972,2,0.92
3973,2,1.1
3974,3,3.5
3975,1,8.9
3976,1,1.5
3977,3,7.1
3978,3,7.2
3979,2,0.82
398,1,8.6
3980,2,9.6
3981,4,8.3
3982,4,4.9
3983,4,7.9
3984,2,7.4
3985,1,3.5
3986,4,2.3
3987,2,6.1
3988,4,0.22
3989,1,3.1
399,4,0.93
3990,4,3.8
3991,1,0.54
3992,4,7.8
3993,3,0.95
3994,4,4.6
3995,4,2.6
3996,3,0.94
3997,2,7
3998,1,3.8
3999,3,6.3
4,1,2
40,4,10
400,3,3.5
4000,4,3.3
401,3,0.16
402,3,8.4
403,1,8.9
404,2,8.4
405,1,2.6
406,3,3.8
407,1,7.9
408,3,9.8
409,4,9.3
41,3,0.74
410,2,4.5
411,3,3.5
412,1,1.9
413,3,4.6
414,3,9.7
415,2,0.35
416,3,7.3
417,2,0.031
418,1,5.1
419,4,10
42,3,0.4
420,3,4.2
421,1,8
422,1,7.3
423,1,7.8
424,2,6.8
425,4,1.6
426,1,0.49
427,2,2
428,3,1.7
429,2,1.8
43,1,1.8
430,2,5.2
431,4,0.11
432,3,4.6
433,3,2.5
434,2,3
435,3,6.3
436,2,9.3
437,1,1.2
438,4,6.3
439,3,1.9
44,4,4.9
440,2,1.9
441,2,9
442,3,2.8
443,2,7.9
444,4,8.5
445,4,8.1
446,1,9.5
447,3,1.3
448,3,2.4
449,4,4.1
45,4,6.2
450,1,2.6
451,1,6.9
452,2,9.7
453,1,8.4
454,3,7.4
455,4,6
456,3,7.4
457,2,0.0011
458,4,2.1
459,1,3.7
46,4,5.4
460,3,1.2
461,2,0.57
462,3,8.7
463,3,6.6
464,4,7.2
465,2,1.2
466,1,2.2
467,1,8.2
468,1,9.8
469,4,4.7
47,4,4.7
470,3,3.2
471,1,1
472,2,7.4
473,2,4.8
474,2,9.1
475,1,5.7
476,4,5.7
477,1,0.29
478,2,2.8
479,4,3
48,2,7.3
480,4,8.3
481,3,2.7
482,2,7.3
483,4,7.2
484,2,8.6
485,3,3.9
486,3,1.3
487,4,5.2
488,3,7.1
489,4,8.8
49,1,3.7
490,3,7.2
491,4,9
492,4,4.8
493,4,5.3
494,1,7.6
495,4,2.4
496,1,0.54
497,4,4.9
498,2,6.1
499,2,5.9
5,3,6.2
50,4,0.75
500,3,9.6
501,2,4.1
502,4,2.8
503,4,3.7
504,3,9.4
505,1,7.9
506,4,4.2
507,1,7.4
508,4,3.8
509,4,2.9
51,1,1.3
510,2,6.3
511,1,1.7
512,1,2.8
513,2,3.8
514,3,8.6
515,3,9.1
516,1,4.8
517,4,4
518,2,1
519,3,8.9
52,2,5.2
520,3,1.7
521,2,2.1
522,2,0.51
523,1,1.8
524,2,8.7
525,4,1.8
526,1,3.7
527,2,3.5
528,4,8.9
529,1,1.3
53,3,1.2
530,4,3.1
531,3,9.6
532,3,8.8
533,2,0.6
534,1,2
535,3,8.4
536,2,3.1
537,1,2.8
538,3,1.9
539,3,4.9
54,2,3.5
540,4,8.8
541,4,9.9
542,2,9.8
543,3,6.8
544,2,6.1
545,4,2.3
546,2,0.55
547,1,2.4
548,4,3.4
549,2,7.9
55,3,6.9
550,4,0.067
551,2,0.47
552,4,3.9
553,4,1.1
554,2,4.5
555,3,3.2
556,2,9.3
557,1,9.2
558,3,9
559,2,7.5
56,1,9.6
560,4,7.8
561,4,3.8
562,1,8.7
563,3,9.2
564,4,9.8
565,2,7.8
566,2,8.2
567,3,9
568,3,7.5
569,2,7.2
57,3,8.8
570,2,0.7
571,1,2.8
572,2,2.6
573,4,3.4
574,3,2.6
575,4,2.9
576,1,1.7
577,1,1.5
578,2,4.6
579,1,3
58,4,6.4
580,2,4
581,2,4.7
582,2,7.6
583,2,9.7
584,1,3
585,2,7.6
586,4,9.2
587,4,6.7
588,2,8.1
589,4,3.2
59,4,5.4
590,2,1.9
591,4,0.63
592,4,9.2
593,2,9.8
594,2,3.8
595,3,3.9
596,4,9.9
597,4,8.2
598,2,2.4
599,2,0.61
6,3,6
60,3,6.6
600,2,0.54
601,4,0.77
602,3,0.35
603,2,6.2
604,3,9.3
605,1,1.1
606,2,5.9
607,2,6
608,3,1.9
609,1,9.9
61,2,6.6
610,4,7
611,3,6.8
612,4,7
613,4,0.84
614,2,7.3
615,3,6.3
616,4,5.8
617,4,8.8
618,2,4.2
619,1,9
62,2,2.8
620,2,6.1
621,3,9.2
622,3,10
623,2,8.3
624,2,6.7
625,4,0.36
626,1,8.8
627,1,1.7
628,3,4.9
629,1,5.1
63,4,8.6
630,2,3.2
631,1,5.2
632,3,5.6
633,2,7.5
634,3,8.1
635,4,6.5
636,2,5.3
637,2,6.6
638,3,3.7
639,4,4.8
64,4,2.3
640,4,1.3
641,4,8.9
642,4,6.7
643,3,3.7
644,4,7.4
645,4,2.3
646,1,1.2
647,2,4.5
648,3,8.3
649,2,8.9
65,2,9.7
650,4,2.4
651,2,3.5
652,2,1.5
653,2,4.1
654,3,1.9
655,4,8.3
656,1,4.9
657,2,9.6
658,2,0.12
659,4,9.3
66,3,0.25
660,2,5.7
661,2,8.6
662,3,7.1
663,4,7.3
664,1,1.4
665,4,5.6
666,3,0.99
667,1,5.9
668,1,3.2
669,2,4.1
67,4,8.4
670,2,9.2
671,1,3.9
672,2,0.75
673,2,5.8
674,3,3.3
675,1,4.4
676,4,8.5
677,3,3
678,1,6.7
679,1,7.8
68,3,4.6
680,1,9.3
681,4,6.4
682,1,7.6
683,3,1.4
684,1,9.4
685,2,4.9
686,4,9.4
687,1,7.5
688,4,1.9
689,2,7.6
69,1,0.27
690,2,9
691,1,3.2
692,4,0.11
693,4,4.2
694,3,8.8
695,1,5.8
696,1,5.2
697,3,4
698,2,5.6
699,1,9.2
7,3,5.9
70,1,2.3
700,2,9.4
701,1,5.2
702,3,7.9
703,4,7.4
704,2,7.6
705,1,7.4
706,4,1.1
707,4,5.4
708,2,6.3
709,1,4.1
71,2,7.5
710,2,1.1
711,4,7.1
712,3,5.3
713,1,4.9
714,4,7.3
715,3,3.7
716,2,1.7
717,1,7.7
718,4,7.9
719,1,3.6
72,3,8.9
720,2,3.7
721,2,5.9
722,2,5.3
723,3,1.3
724,1,2.6
725,2,7
726,2,5.7
727,3,0.52
728,2,6
729,4,2.5
73,1,7.7
730,3,6.7
731,2,6.8
732,2,4.8
733,4,1.5
734,4,4.2
735,4,6.1
736,3,1.2
737,3,5.8
738,1,2.5
739,1,6.5
74,2,8.6
740,3,7.1
741,2,9.2
742,4,6.2
743,3,0.25
744,4,4.1
745,4,2.2
746,4,7.8
747,1,7.1
748,3,8.3
749,4,3.5
75,2,6.1
750,4,5.2
751,1,8.1
752,1,2.4
753,4,4.3
754,1,2.1
755,4,7.4
756,2,4.7
757,4,0.12
758,1,6.1
759,3,1
76,1,7.9
760,3,2.7
761,3,5.5
762,3,4.5
763,4,1.6
764,2,7.9
765,4,7.3
766,2,4.4
767,4,3.4
768,2,7.5
769,2,7.8
77,4,4.4
770,2,8
771,4,4.2
772,3,4.1
773,4,9.3
774,1,6.3
775,2,3.4
776,4,2.2
777,3,3.8
778,4,7.8
779,2,9.9
78,1,7.2
780,4,0.49
781,1,3
782,1,5.3
783,2,9.7
784,4,0.81
785,1,6.6
786,2,5.7
787,2,3.5
788,4,10
789,3,5.2
79,3,0.081
790,1,3.3
791,3,2.5
792,3,4.7
793,4,6
794,1,9.1
795,2,1.6
796,2,4.1
797,4,5.7
798,4,0.75
799,3,2.5
8,4,2.4
80,3,1.9
800,2,5.8
801,3,5.2
802,2,6.4
803,2,7.3
804,4,3.1
805,3,3.8
806,1,4.6
807,4,8.3
808,1,6.8
809,3,6
81,3,7.9
810,4,7.3
811,1,1
812,2,4.1
813,2,2.4
814,3,5.4
815,3,2.5
816,1,7
817,4,3.8
818,3,2.2
819,2,8.2
82,2,2.3
820,1,9.8
821,3,4.2
822,1,5.6
823,4,6.3
824,2,8.1
825,1,4.7
826,1,7.3
827,2,9.7
828,3,7
829,3,1.2
83,2,1.1
830,1,6.1
831,3,4
832,3,5.2
833,3,3
834,2,2.3
835,1,4.8
836,2,7.8
837,3,2.7
838,3,5.6
839,1,2.7
84,4,7.5
840,3,9.8
841,1,7
842,4,8.8
843,4,3.8
844,4,7.5
845,3,9.7
846,4,1.3
847,1,8.2
848,4,8.2
849,1,0.64
85,3,0.036
850,4,6.3
851,1,1.1
852,4,7.4
853,4,6.9
854,3,0.52
855,2,6.6
856,3,4.2
857,1,3
858,1,1.4
859,4,4.4
86,2,7.9
860,2,7.2
861,2,5.9
862,2,2
863,2,1.1
864,3,1.4
865,4,4.1
866,2,1.1
867,1,4.5
868,3,9.2
869,2,1.7
87,4,7.5
870,4,0.0093
871,1,1.8
872,3,3.3
873,1,6.9
874,4,2.4
875,4,1.5
876,3,2.9
877,3,3.1
878,2,8.9
879,4,2.6
88,1,3.6
880,4,6.5
881,4,3
882,4,3.1
883,3,2.6
884,2,7.7
885,1,4
886,1,7.5
887,3,3.6
888,1,6.5
889,4,6.3
89,3,5.3
890,2,2
891,4,8
892,3,5.7
893,2,6.7
894,4,7.4
895,3,8.4
896,4,2.7
897,3,0.64
898,1,3.7
899,1,5.3
9,3,5.9
90,2,2.7
900,3,3.7
901,1,9.9
902,3,4.7
903,3,0.81
904,3,8
905,1,0.048
906,2,8.6
907,1,5.4
908,2,3.1
909,2,2
91,1,8.1
910,2,0.51
911,4,5.7
912,1,0.42
913,4,6.6
914,4,9.9
915,3,9.3
916,3,7.2
917,1,0.57
918,2,1.7
919,1,8.8
92,4,7.1
920,1,1
921,3,4.5
922,2,1.5
923,4,4.7
924,3,3.2
925,2,2.3
926,3,2.1
927,1,2.6
928,3,3.5
929,2,3.4
93,1,7.4
930,1,3.5
931,4,2.6
932,3,8.7
933,1,6.7
934,2,6
935,4,3.4
936,4,9.4
937,4,2.3
938,2,4.6
939,1,0.65
94,4,3
940,1,1.4
941,3,1.4
942,4,1.9
943,2,9.8
944,3,1.2
945,1,5.7
946,3,7.4
947,2,2.7
948,4,5.3
949,3,2.8
95,1,5.1
950,2,0.61
951,3,9.2
952,4,0.15
953,2,2.8
954,3,3.8
955,3,10
956,4,8.7
957,4,2.1
958,2,8.3
959,1,4.5
96,2,6.6
960,1,6.3
961,1,7.7
962,1,2
963,2,2.2
964,2,3.3
965,4,3.7
966,3,3.9
967,3,7.1
968,3,4.4
969,2,8.2
97,3,6.6
970,1,8.9
971,1,3
972,2,1.8
973,2,0.55
974,2,1.2
975,3,4.5
976,3,8.9
977,1,3.6
978,3,5.2
979,4,8
98,3,3.5
980,2,2.6
981,3,4.3
982,2,3.8
983,1,6
984,1,6.5
985,3,0.075
986,4,4
987,2,4.7
988,4,3.9
989,2,1.7
99,1,8.3
990,4,7.6
991,3,3.1
992,3,0.35
993,2,5.1
994,1,6.6
995,4,9.5
996,1,0.44
997,2,3.6
998,3,0.72
999,4,6.5
